<?xml version="1.0" encoding="UTF-8"?>
<metadata xml:lang="es"><Esri><CreaDate>20240528</CreaDate><CreaTime>08111200</CreaTime><SyncOnce>FALSE</SyncOnce><DataProperties><lineage><Process Name="Create Feature Class" ToolSource="C:\Archivos de programa\ArcGIS\ArcToolbox\Toolboxes\Data Management Tools.tbx\CreateFeatureclass" Date="20050810" Time="072510">CreateFeatureclass "Database Connections\Connection to terra.sde\UMAT.limits" Sectors_umat # polygon_Layer SAME_AS_TEMPLATE SAME_AS_TEMPLATE "{B286C06B-0879-11D2-AACA-00C04FA33C20};408083,786728 4569536,866728 13638,266938;0,000000 100000,000000;0,000000 100000,000000" # 0 0 0 "Database Connections\Connection to terra.sde\UMAT.limits\UMAT.Sectors_umat"</Process><Process Name="Append" ToolSource="C:\Archivos de programa\ArcGIS\ArcToolbox\Toolboxes\Data Management Tools.tbx\Append" Date="20050810" Time="072512">Append polygon_Layer "Database Connections\Connection to terra.sde\UMAT.limits\UMAT.Sectors_umat" TEST "Database Connections\Connection to terra.sde\UMAT.limits\UMAT.Sectors_umat"</Process><Process Name="FeatureClassToFeatureClass_13" ToolSource="C:\Archivos de programa\ArcGIS\ArcToolbox\Toolboxes\Conversion Tools.tbx\FeatureClassToFeatureClass" Date="20050810" Time="072512">FeatureClassToFeatureClass \\terra\carto\sig\bcm\limits\nb\polygon "Database Connections\Connection to terra.sde\UMAT.limits" Sectors_umat # "AREA AREA VISIBLE;PERIMETER PERIMETER VISIBLE;NB# NB# VISIBLE;NB-ID NB-ID VISIBLE;BARRIS BARRIS VISIBLE;SECTORS SECTORS VISIBLE" SAME_AS_TEMPLATE SAME_AS_TEMPLATE # 0 "Database Connections\Connection to terra.sde\UMAT.limits\UMAT.Sectors_umat"</Process><Process ToolSource="c:\program files (x86)\arcgis\desktop10.1\ArcToolbox\Toolboxes\Data Management Tools.tbx\ChangePrivileges" Date="20130821" Time="121308">ChangePrivileges 'Database Connections\MAPA - umat - default.sde/UMAT.Sectors_umat' mediambient GRANT AS_IS</Process><Process ToolSource="c:\program files (x86)\arcgis\desktop10.1\ArcToolbox\Toolboxes\Data Management Tools.tbx\ChangePrivileges" Date="20130916" Time="131929">ChangePrivileges 'Database Connections\MAPA - umat - default.sde/UMAT.Sectors_umat' mediambient GRANT AS_IS</Process><Process ToolSource="c:\program files (x86)\arcgis\desktop10.1\ArcToolbox\Toolboxes\Data Management Tools.tbx\ChangePrivileges" Date="20131113" Time="133227">ChangePrivileges 'Database Connections\MAPA - umat - default.sde/UMAT.Sectors_umat' mediambient GRANT AS_IS</Process><Process ToolSource="c:\program files (x86)\arcgis\desktop10.1\ArcToolbox\Toolboxes\Data Management Tools.tbx\ChangePrivileges" Date="20131113" Time="133551">ChangePrivileges 'Database Connections\MAPA - umat - default.sde/UMAT.Sectors_umat' mediambient GRANT AS_IS</Process><Process ToolSource="c:\program files (x86)\arcgis\desktop10.1\ArcToolbox\Toolboxes\Data Management Tools.tbx\ChangePrivileges" Date="20131113" Time="134022">ChangePrivileges 'Database Connections\MAPA - umat - default.sde/UMAT.Sectors_umat' mediambient GRANT AS_IS</Process><Process ToolSource="c:\program files (x86)\arcgis\desktop10.1\ArcToolbox\Toolboxes\Data Management Tools.tbx\ChangePrivileges" Date="20131118" Time="092053">ChangePrivileges 'Database Connections\MAPA - umat - default.sde/UMAT.Sectors_umat' mediambient GRANT AS_IS</Process><Process ToolSource="c:\program files (x86)\arcgis\desktop10.1\ArcToolbox\Toolboxes\Data Management Tools.tbx\ChangePrivileges" Date="20140207" Time="144314">ChangePrivileges 'Database Connections\MAPA - umat - default.sde/UMAT.Sectors_umat' mobilitat GRANT AS_IS</Process><Process ToolSource="c:\program files (x86)\arcgis\desktop10.1\ArcToolbox\Toolboxes\Data Management Tools.tbx\ChangePrivileges" Date="20140207" Time="144518">ChangePrivileges 'Database Connections\MAPA - umat - default.sde/UMAT.Sectors_umat' mobilitat GRANT AS_IS</Process><Process ToolSource="c:\program files (x86)\arcgis\desktop10.1\ArcToolbox\Toolboxes\Data Management Tools.tbx\ChangePrivileges" Date="20140207" Time="144702">ChangePrivileges 'Database Connections\MAPA - umat - default.sde/UMAT.Sectors_umat' mobilitat GRANT AS_IS</Process><Process ToolSource="c:\program files (x86)\arcgis\desktop10.1\ArcToolbox\Toolboxes\Data Management Tools.tbx\Project" Date="20140507" Time="142535">Project "Database Connections/MAPA - umat - default.sde\UMAT.Sectors_umat" "Database Connections\MAPA - umat - default.sde\UMAT.limits_etrs89\UMAT.Sectors_umat_etrs89" PROJCS['ETRS_1989_UTM_Zone_31N',GEOGCS['GCS_ETRS_1989',DATUM['D_ETRS_1989',SPHEROID['GRS_1980',6378137.0,298.257222101]],PRIMEM['Greenwich',0.0],UNIT['Degree',0.0174532925199433]],PROJECTION['Transverse_Mercator'],PARAMETER['False_Easting',500000.0],PARAMETER['False_Northing',0.0],PARAMETER['Central_Meridian',3.0],PARAMETER['Scale_Factor',0.9996],PARAMETER['Latitude_Of_Origin',0.0],UNIT['Meter',1.0]] 'Girona 500' PROJCS['ED_1950_UTM_Zone_31N',GEOGCS['GCS_European_1950',DATUM['D_European_1950',SPHEROID['International_1924',6378388.0,297.0]],PRIMEM['Greenwich',0.0],UNIT['Degree',0.0174532925199433]],PROJECTION['Transverse_Mercator'],PARAMETER['False_Easting',500000.0],PARAMETER['False_Northing',0.0],PARAMETER['Central_Meridian',3.0],PARAMETER['Scale_Factor',0.9996],PARAMETER['Latitude_Of_Origin',0.0],UNIT['Meter',1.0]]</Process><Process ToolSource="c:\program files (x86)\arcgis\desktop10.1\ArcToolbox\Toolboxes\Data Management Tools.tbx\ChangePrivileges" Date="20140509" Time="130845">ChangePrivileges 'Database Connections\MAPA - umat - default.sde/UMAT.Sectors_umat' mediambient GRANT AS_IS</Process><Process ToolSource="c:\program files (x86)\arcgis\desktop10.1\ArcToolbox\Toolboxes\Data Management Tools.tbx\ChangePrivileges" Date="20140602" Time="102723">ChangePrivileges 'Database Connections\MAPA - umat - default.sde/UMAT.Sectors_umat' mobilitat GRANT AS_IS</Process><Process ToolSource="c:\program files (x86)\arcgis\desktop10.1\ArcToolbox\Toolboxes\Data Management Tools.tbx\ChangePrivileges" Date="20140602" Time="103040">ChangePrivileges 'Database Connections\MAPA - umat - default.sde/UMAT.Sectors_umat' mobilitat GRANT AS_IS</Process><Process ToolSource="c:\program files (x86)\arcgis\desktop10.1\ArcToolbox\Toolboxes\Data Management Tools.tbx\ChangePrivileges" Date="20141103" Time="120034">ChangePrivileges 'Database Connections\MAPA - umat - default.sde/UMAT.Sectors_umat' mobilitat GRANT AS_IS</Process><Process ToolSource="c:\program files (x86)\arcgis\desktop10.1\ArcToolbox\Toolboxes\Data Management Tools.tbx\ChangePrivileges" Date="20141104" Time="142147">ChangePrivileges 'Database Connections\MAPA - umat - default.sde/UMAT.Sectors_umat' mobilitat GRANT AS_IS</Process><Process ToolSource="c:\program files (x86)\arcgis\desktop10.2\ArcToolbox\Toolboxes\Data Management Tools.tbx\ChangePrivileges" Date="20150109" Time="125702">ChangePrivileges 'Database Connections\MAPA - umat - default.sde/UMAT.Sectors_umat' mobilitat GRANT AS_IS</Process><Process ToolSource="c:\program files (x86)\arcgis\desktop10.2\ArcToolbox\Toolboxes\Data Management Tools.tbx\ChangePrivileges" Date="20150119" Time="133808">ChangePrivileges 'Database Connections\MAPA - umat - default.sde/UMAT.Sectors_umat' mobilitat GRANT AS_IS</Process><Process ToolSource="c:\program files (x86)\arcgis\desktop10.2\ArcToolbox\Toolboxes\Data Management Tools.tbx\ChangePrivileges" Date="20150601" Time="101237">ChangePrivileges 'Database Connections\MAPA - umat - default.sde/UMAT.Sectors_umat' mediambient GRANT AS_IS</Process><Process ToolSource="c:\program files\arcgis\pro\Resources\ArcToolbox\toolboxes\Data Management Tools.tbx\UpdateSchema" Date="20220530" Time="095132">UpdateSchema "CIMDATA=&lt;CIMFeatureDatasetDataConnection xsi:type='typens:CIMFeatureDatasetDataConnection' xmlns:xsi='http://www.w3.org/2001/XMLSchema-instance' xmlns:xs='http://www.w3.org/2001/XMLSchema' xmlns:typens='http://www.esri.com/schemas/ArcGIS/2.8.0'&gt;&lt;FeatureDataset&gt;UMAT.limits&lt;/FeatureDataset&gt;&lt;WorkspaceConnectionString&gt;ENCRYPTED_PASSWORD=00022e687755617177314b344e6f6a544c636b672f3276596d394953536f4176397a7158323349702b5773337569673d2a00;SERVER=mapa;INSTANCE=sde:oracle11g:mapa;DBCLIENT=oracle;DB_CONNECTION_PROPERTIES=mapa;PROJECT_INSTANCE=sde;USER=UMAT;VERSION=SDE.DEFAULT;AUTHENTICATION_MODE=DBMS&lt;/WorkspaceConnectionString&gt;&lt;WorkspaceFactory&gt;SDE&lt;/WorkspaceFactory&gt;&lt;Dataset&gt;UMAT.Sectors_umat&lt;/Dataset&gt;&lt;DatasetType&gt;esriDTFeatureClass&lt;/DatasetType&gt;&lt;/CIMFeatureDatasetDataConnection&gt;" &lt;operationSequence&gt;&lt;workflow&gt;&lt;DeleteField&gt;&lt;field_name&gt;UMAT.Sectors_umat.AREA&lt;/field_name&gt;&lt;/DeleteField&gt;&lt;/workflow&gt;&lt;/operationSequence&gt;</Process><Process ToolSource="c:\program files\arcgis\pro\Resources\ArcToolbox\toolboxes\Data Management Tools.tbx\UpdateSchema" Date="20220530" Time="095159">UpdateSchema "CIMDATA=&lt;CIMFeatureDatasetDataConnection xsi:type='typens:CIMFeatureDatasetDataConnection' xmlns:xsi='http://www.w3.org/2001/XMLSchema-instance' xmlns:xs='http://www.w3.org/2001/XMLSchema' xmlns:typens='http://www.esri.com/schemas/ArcGIS/2.8.0'&gt;&lt;FeatureDataset&gt;UMAT.limits&lt;/FeatureDataset&gt;&lt;WorkspaceConnectionString&gt;ENCRYPTED_PASSWORD=00022e687755617177314b344e6f6a544c636b672f3276596d394953536f4176397a7158323349702b5773337569673d2a00;SERVER=mapa;INSTANCE=sde:oracle11g:mapa;DBCLIENT=oracle;DB_CONNECTION_PROPERTIES=mapa;PROJECT_INSTANCE=sde;USER=UMAT;VERSION=SDE.DEFAULT;AUTHENTICATION_MODE=DBMS&lt;/WorkspaceConnectionString&gt;&lt;WorkspaceFactory&gt;SDE&lt;/WorkspaceFactory&gt;&lt;Dataset&gt;UMAT.Sectors_umat&lt;/Dataset&gt;&lt;DatasetType&gt;esriDTFeatureClass&lt;/DatasetType&gt;&lt;/CIMFeatureDatasetDataConnection&gt;" &lt;operationSequence&gt;&lt;workflow&gt;&lt;DeleteField&gt;&lt;field_name&gt;UMAT.Sectors_umat.AREA&lt;/field_name&gt;&lt;/DeleteField&gt;&lt;/workflow&gt;&lt;/operationSequence&gt;</Process><Process ToolSource="c:\program files\arcgis\pro\Resources\ArcToolbox\toolboxes\Data Management Tools.tbx\UpdateSchema" Date="20220530" Time="095205">UpdateSchema "CIMDATA=&lt;CIMFeatureDatasetDataConnection xsi:type='typens:CIMFeatureDatasetDataConnection' xmlns:xsi='http://www.w3.org/2001/XMLSchema-instance' xmlns:xs='http://www.w3.org/2001/XMLSchema' xmlns:typens='http://www.esri.com/schemas/ArcGIS/2.8.0'&gt;&lt;FeatureDataset&gt;UMAT.limits&lt;/FeatureDataset&gt;&lt;WorkspaceConnectionString&gt;ENCRYPTED_PASSWORD=00022e687755617177314b344e6f6a544c636b672f3276596d394953536f4176397a7158323349702b5773337569673d2a00;SERVER=mapa;INSTANCE=sde:oracle11g:mapa;DBCLIENT=oracle;DB_CONNECTION_PROPERTIES=mapa;PROJECT_INSTANCE=sde;USER=UMAT;VERSION=SDE.DEFAULT;AUTHENTICATION_MODE=DBMS&lt;/WorkspaceConnectionString&gt;&lt;WorkspaceFactory&gt;SDE&lt;/WorkspaceFactory&gt;&lt;Dataset&gt;UMAT.Sectors_umat&lt;/Dataset&gt;&lt;DatasetType&gt;esriDTFeatureClass&lt;/DatasetType&gt;&lt;/CIMFeatureDatasetDataConnection&gt;" &lt;operationSequence&gt;&lt;workflow&gt;&lt;DeleteField&gt;&lt;field_name&gt;UMAT.Sectors_umat.AREA&lt;/field_name&gt;&lt;/DeleteField&gt;&lt;/workflow&gt;&lt;/operationSequence&gt;</Process><Process ToolSource="c:\program files\arcgis\pro\Resources\ArcToolbox\toolboxes\Data Management Tools.tbx\UpdateSchema" Date="20220530" Time="095748">UpdateSchema "CIMDATA=&lt;CIMFeatureDatasetDataConnection xsi:type='typens:CIMFeatureDatasetDataConnection' xmlns:xsi='http://www.w3.org/2001/XMLSchema-instance' xmlns:xs='http://www.w3.org/2001/XMLSchema' xmlns:typens='http://www.esri.com/schemas/ArcGIS/2.8.0'&gt;&lt;FeatureDataset&gt;UMAT.limits&lt;/FeatureDataset&gt;&lt;WorkspaceConnectionString&gt;ENCRYPTED_PASSWORD=00022e687755617177314b344e6f6a544c636b672f3276596d394953536f4176397a7158323349702b5773337569673d2a00;SERVER=mapa;INSTANCE=sde:oracle11g:mapa;DBCLIENT=oracle;DB_CONNECTION_PROPERTIES=mapa;PROJECT_INSTANCE=sde;USER=UMAT;VERSION=SDE.DEFAULT;AUTHENTICATION_MODE=DBMS&lt;/WorkspaceConnectionString&gt;&lt;WorkspaceFactory&gt;SDE&lt;/WorkspaceFactory&gt;&lt;Dataset&gt;UMAT.Sectors_umat&lt;/Dataset&gt;&lt;DatasetType&gt;esriDTFeatureClass&lt;/DatasetType&gt;&lt;/CIMFeatureDatasetDataConnection&gt;" &lt;operationSequence&gt;&lt;workflow&gt;&lt;DeleteField&gt;&lt;field_name&gt;UMAT.Sectors_umat.AREA&lt;/field_name&gt;&lt;/DeleteField&gt;&lt;/workflow&gt;&lt;/operationSequence&gt;</Process><Process ToolSource="c:\program files\arcgis\pro\Resources\ArcToolbox\toolboxes\Data Management Tools.tbx\UpdateSchema" Date="20220530" Time="095757">UpdateSchema "CIMDATA=&lt;CIMFeatureDatasetDataConnection xsi:type='typens:CIMFeatureDatasetDataConnection' xmlns:xsi='http://www.w3.org/2001/XMLSchema-instance' xmlns:xs='http://www.w3.org/2001/XMLSchema' xmlns:typens='http://www.esri.com/schemas/ArcGIS/2.8.0'&gt;&lt;FeatureDataset&gt;UMAT.limits&lt;/FeatureDataset&gt;&lt;WorkspaceConnectionString&gt;ENCRYPTED_PASSWORD=00022e687755617177314b344e6f6a544c636b672f3276596d394953536f4176397a7158323349702b5773337569673d2a00;SERVER=mapa;INSTANCE=sde:oracle11g:mapa;DBCLIENT=oracle;DB_CONNECTION_PROPERTIES=mapa;PROJECT_INSTANCE=sde;USER=UMAT;VERSION=SDE.DEFAULT;AUTHENTICATION_MODE=DBMS&lt;/WorkspaceConnectionString&gt;&lt;WorkspaceFactory&gt;SDE&lt;/WorkspaceFactory&gt;&lt;Dataset&gt;UMAT.Sectors_umat&lt;/Dataset&gt;&lt;DatasetType&gt;esriDTFeatureClass&lt;/DatasetType&gt;&lt;/CIMFeatureDatasetDataConnection&gt;" &lt;operationSequence&gt;&lt;workflow&gt;&lt;DeleteField&gt;&lt;field_name&gt;UMAT.Sectors_umat.AREA&lt;/field_name&gt;&lt;/DeleteField&gt;&lt;/workflow&gt;&lt;/operationSequence&gt;</Process><Process ToolSource="c:\program files\arcgis\pro\Resources\ArcToolbox\toolboxes\Data Management Tools.tbx\UpdateSchema" Date="20220530" Time="095804">UpdateSchema "CIMDATA=&lt;CIMFeatureDatasetDataConnection xsi:type='typens:CIMFeatureDatasetDataConnection' xmlns:xsi='http://www.w3.org/2001/XMLSchema-instance' xmlns:xs='http://www.w3.org/2001/XMLSchema' xmlns:typens='http://www.esri.com/schemas/ArcGIS/2.8.0'&gt;&lt;FeatureDataset&gt;UMAT.limits&lt;/FeatureDataset&gt;&lt;WorkspaceConnectionString&gt;ENCRYPTED_PASSWORD=00022e687755617177314b344e6f6a544c636b672f3276596d394953536f4176397a7158323349702b5773337569673d2a00;SERVER=mapa;INSTANCE=sde:oracle11g:mapa;DBCLIENT=oracle;DB_CONNECTION_PROPERTIES=mapa;PROJECT_INSTANCE=sde;USER=UMAT;VERSION=SDE.DEFAULT;AUTHENTICATION_MODE=DBMS&lt;/WorkspaceConnectionString&gt;&lt;WorkspaceFactory&gt;SDE&lt;/WorkspaceFactory&gt;&lt;Dataset&gt;UMAT.Sectors_umat&lt;/Dataset&gt;&lt;DatasetType&gt;esriDTFeatureClass&lt;/DatasetType&gt;&lt;/CIMFeatureDatasetDataConnection&gt;" &lt;operationSequence&gt;&lt;workflow&gt;&lt;DeleteField&gt;&lt;field_name&gt;UMAT.Sectors_umat.AREA&lt;/field_name&gt;&lt;/DeleteField&gt;&lt;/workflow&gt;&lt;/operationSequence&gt;</Process></lineage><itemProps><itemLocation><linkage Sync="TRUE">Server=APEX_UMATGDB; Service=sde:oracle11g:APEX_UMATGDB; User=SDE; Version=SDE.DEFAULT</linkage><protocol Sync="TRUE">ArcSDE Connection</protocol></itemLocation><itemName Sync="TRUE">UMAT.Sectors_umat</itemName><imsContentType Sync="TRUE">002</imsContentType><nativeExtBox><westBL Sync="TRUE">482001.981700</westBL><eastBL Sync="TRUE">491535.398700</eastBL><southBL Sync="TRUE">4643046.091700</southBL><northBL Sync="TRUE">4653103.457500</northBL><exTypeCode Sync="TRUE">1</exTypeCode></nativeExtBox></itemProps><coordRef><type Sync="TRUE">Projected</type><geogcsn Sync="TRUE">GCS_ETRS_1989</geogcsn><csUnits Sync="TRUE">Linear Unit: Meter (1.000000)</csUnits><projcsn Sync="TRUE">ETRS_1989_UTM_Zone_31N</projcsn><peXml Sync="TRUE">&lt;ProjectedCoordinateSystem xsi:type='typens:ProjectedCoordinateSystem' xmlns:xsi='http://www.w3.org/2001/XMLSchema-instance' xmlns:xs='http://www.w3.org/2001/XMLSchema' xmlns:typens='http://www.esri.com/schemas/ArcGIS/10.3'&gt;&lt;WKT&gt;PROJCS[&amp;quot;ETRS_1989_UTM_Zone_31N&amp;quot;,GEOGCS[&amp;quot;GCS_ETRS_1989&amp;quot;,DATUM[&amp;quot;D_ETRS_1989&amp;quot;,SPHEROID[&amp;quot;GRS_1980&amp;quot;,6378137.0,298.257222101]],PRIMEM[&amp;quot;Greenwich&amp;quot;,0.0],UNIT[&amp;quot;Degree&amp;quot;,0.0174532925199433]],PROJECTION[&amp;quot;Transverse_Mercator&amp;quot;],PARAMETER[&amp;quot;False_Easting&amp;quot;,500000.0],PARAMETER[&amp;quot;False_Northing&amp;quot;,0.0],PARAMETER[&amp;quot;Central_Meridian&amp;quot;,3.0],PARAMETER[&amp;quot;Scale_Factor&amp;quot;,0.9996],PARAMETER[&amp;quot;Latitude_Of_Origin&amp;quot;,0.0],UNIT[&amp;quot;Meter&amp;quot;,1.0],AUTHORITY[&amp;quot;EPSG&amp;quot;,25831]]&lt;/WKT&gt;&lt;XOrigin&gt;-5120900&lt;/XOrigin&gt;&lt;YOrigin&gt;-9998100&lt;/YOrigin&gt;&lt;XYScale&gt;10000&lt;/XYScale&gt;&lt;ZOrigin&gt;0&lt;/ZOrigin&gt;&lt;ZScale&gt;1&lt;/ZScale&gt;&lt;MOrigin&gt;0&lt;/MOrigin&gt;&lt;MScale&gt;1&lt;/MScale&gt;&lt;XYTolerance&gt;0.001&lt;/XYTolerance&gt;&lt;ZTolerance&gt;0.001&lt;/ZTolerance&gt;&lt;MTolerance&gt;0.001&lt;/MTolerance&gt;&lt;HighPrecision&gt;true&lt;/HighPrecision&gt;&lt;WKID&gt;25831&lt;/WKID&gt;&lt;LatestWKID&gt;25831&lt;/LatestWKID&gt;&lt;/ProjectedCoordinateSystem&gt;</peXml></coordRef></DataProperties><ArcGISFormat>1.0</ArcGISFormat><SyncDate>20151119</SyncDate><SyncTime>12261300</SyncTime><ModDate>20151119</ModDate><ModTime>12261300</ModTime></Esri><idinfo><citation><citeinfo><onlink Sync="TRUE">Server=terra; Service=5151; Database=sde; User=umat; Version=GEOMAN.Original</onlink></citeinfo></citation></idinfo><distInfo><distributor><distorTran><onLineSrc><linkage Sync="TRUE">Server=terra; Service=5151; Database=sde; User=umat; Version=GEOMAN.Original</linkage><protocol Sync="TRUE">ArcSDE Connection</protocol></onLineSrc></distorTran></distributor><distFormat><formatName Sync="TRUE">SDE Feature Class</formatName></distFormat></distInfo><dataqual><lineage><procstep><procdesc Sync="TRUE">Dataset copied.</procdesc><srcused Sync="TRUE">Server=terra; Service=5151; Database=sde; User=umat; Version=GEOMAN.Original</srcused><date Sync="TRUE">20060525</date><time Sync="TRUE">07183900</time></procstep></lineage></dataqual><dataIdInfo><envirDesc Sync="TRUE">Microsoft Windows 7 Version 6.1 (Build 7601) Service Pack 1; Esri ArcGIS 10.3.1.4959</envirDesc><dataLang><languageCode value="spa" Sync="TRUE"></languageCode><countryCode value="ESP" Sync="TRUE"></countryCode></dataLang><idCitation><resTitle Sync="TRUE">UMAT.Sectors_umat</resTitle><presForm><PresFormCd value="005" Sync="TRUE"></PresFormCd></presForm></idCitation><spatRpType><SpatRepTypCd value="001" Sync="TRUE"></SpatRepTypCd></spatRpType><dataExt><geoEle><GeoBndBox esriExtentType="search"><exTypeCode Sync="TRUE">1</exTypeCode><westBL Sync="TRUE">2.782578</westBL><eastBL Sync="TRUE">2.897889</eastBL><northBL Sync="TRUE">42.029922</northBL><southBL Sync="TRUE">41.939178</southBL></GeoBndBox></geoEle></dataExt></dataIdInfo><mdLang><languageCode value="spa" Sync="TRUE"></languageCode><countryCode value="ESP" Sync="TRUE"></countryCode></mdLang><mdHrLv><ScopeCd value="005" Sync="TRUE"></ScopeCd></mdHrLv><mdHrLvName Sync="TRUE">dataset</mdHrLvName><refSysInfo><RefSystem><refSysID><identCode code="25831" Sync="TRUE"></identCode><idCodeSpace Sync="TRUE">EPSG</idCodeSpace><idVersion Sync="TRUE">8.6.2</idVersion></refSysID></RefSystem></refSysInfo><spatRepInfo><VectSpatRep><geometObjs Name="UMAT.Sectors_umat"><geoObjTyp><GeoObjTypCd value="002" Sync="TRUE"></GeoObjTypCd></geoObjTyp><geoObjCnt Sync="TRUE">31</geoObjCnt></geometObjs><topLvl><TopoLevCd value="001" Sync="TRUE"></TopoLevCd></topLvl></VectSpatRep></spatRepInfo><spdoinfo><ptvctinf><esriterm Name="UMAT.Sectors_umat"><efeatyp Sync="TRUE">Simple</efeatyp><efeageom code="4" Sync="TRUE"></efeageom><esritopo Sync="TRUE">FALSE</esritopo><efeacnt Sync="TRUE">31</efeacnt><spindex Sync="TRUE">TRUE</spindex><linrefer Sync="TRUE">FALSE</linrefer></esriterm></ptvctinf></spdoinfo><eainfo><detailed Name="UMAT.Sectors_umat"><enttyp><enttypl Sync="TRUE">UMAT.Sectors_umat</enttypl><enttypt Sync="TRUE">Feature Class</enttypt><enttypc Sync="TRUE">31</enttypc></enttyp><attr><attrlabl Sync="TRUE">OBJECTID</attrlabl><attalias Sync="TRUE">OBJECTID</attalias><attrtype Sync="TRUE">OID</attrtype><attwidth Sync="TRUE">4</attwidth><atprecis Sync="TRUE">10</atprecis><attscale Sync="TRUE">0</attscale><attrdef Sync="TRUE">Internal feature number.</attrdef><attrdefs Sync="TRUE">Esri</attrdefs><attrdomv><udom Sync="TRUE">Sequential unique whole numbers that are automatically generated.</udom></attrdomv></attr><attr><attrlabl Sync="TRUE">UMAT.Sectors_umat.AREA</attrlabl><attalias Sync="TRUE">UMAT.Sectors_umat.AREA</attalias><attrtype Sync="TRUE">Double</attrtype><attwidth Sync="TRUE">8</attwidth><atprecis Sync="TRUE">38</atprecis><attscale Sync="TRUE">8</attscale></attr><attr><attrlabl Sync="TRUE">PERIMETER</attrlabl><attalias Sync="TRUE">PERIMETER</attalias><attrtype Sync="TRUE">Double</attrtype><attwidth Sync="TRUE">8</attwidth><atprecis Sync="TRUE">38</atprecis><attscale Sync="TRUE">8</attscale></attr><attr><attrlabl Sync="TRUE">NB_</attrlabl><attalias Sync="TRUE">NB_</attalias><attrtype Sync="TRUE">Integer</attrtype><attwidth Sync="TRUE">4</attwidth><atprecis Sync="TRUE">10</atprecis><attscale Sync="TRUE">0</attscale></attr><attr><attrlabl Sync="TRUE">NB_ID</attrlabl><attalias Sync="TRUE">NB_ID</attalias><attrtype Sync="TRUE">Integer</attrtype><attwidth Sync="TRUE">4</attwidth><atprecis Sync="TRUE">10</atprecis><attscale Sync="TRUE">0</attscale></attr><attr><attrlabl Sync="TRUE">BARRIS</attrlabl><attalias Sync="TRUE">BARRIS</attalias><attrtype Sync="TRUE">String</attrtype><attwidth Sync="TRUE">25</attwidth><atprecis Sync="TRUE">0</atprecis><attscale Sync="TRUE">0</attscale></attr><attr><attrlabl Sync="TRUE">SECTORS</attrlabl><attalias Sync="TRUE">SECTORS</attalias><attrtype Sync="TRUE">String</attrtype><attwidth Sync="TRUE">25</attwidth><atprecis Sync="TRUE">0</atprecis><attscale Sync="TRUE">0</attscale></attr><attr><attrlabl Sync="TRUE">ID_SECTOR</attrlabl><attalias Sync="TRUE">ID_SECTOR</attalias><attrtype Sync="TRUE">SmallInteger</attrtype><attwidth Sync="TRUE">2</attwidth><atprecis Sync="TRUE">4</atprecis><attscale Sync="TRUE">0</attscale></attr><attr><attrlabl Sync="TRUE">NOM_COMPLE</attrlabl><attalias Sync="TRUE">NOM_COMPLE</attalias><attrtype Sync="TRUE">String</attrtype><attwidth Sync="TRUE">100</attwidth><atprecis Sync="TRUE">0</atprecis><attscale Sync="TRUE">0</attscale></attr><attr><attrlabl Sync="TRUE">SHAPE</attrlabl><attalias Sync="TRUE">Shape</attalias><attrtype Sync="TRUE">Geometry</attrtype><attwidth Sync="TRUE">4</attwidth><atprecis Sync="TRUE">0</atprecis><attscale Sync="TRUE">0</attscale><attrdef Sync="TRUE">Feature geometry.</attrdef><attrdefs Sync="TRUE">Esri</attrdefs><attrdomv><udom Sync="TRUE">Coordinates defining the features.</udom></attrdomv></attr><attr><attrlabl Sync="TRUE">SHAPE.AREA</attrlabl><attalias Sync="TRUE">SHAPE.AREA</attalias><attrtype Sync="TRUE">Double</attrtype><attwidth Sync="TRUE">0</attwidth><atprecis Sync="TRUE">0</atprecis><attscale Sync="TRUE">0</attscale></attr><attr><attrlabl Sync="TRUE">SHAPE.LEN</attrlabl><attalias Sync="TRUE">SHAPE.LEN</attalias><attrtype Sync="TRUE">Double</attrtype><attwidth Sync="TRUE">0</attwidth><atprecis Sync="TRUE">0</atprecis><attscale Sync="TRUE">0</attscale></attr></detailed></eainfo><mdDateSt Sync="TRUE">20151119</mdDateSt></metadata>
