census_tract,year,fuente_de_ingreso_otras_prestaciones,fuente_de_ingreso_otros_ingresos,fuente_de_ingreso_pensiones,fuente_de_ingreso_prestaciones_por_desempleo,fuente_de_ingreso_salario,distribucion_de_la_renta_p80_p20,indice_de_gini,media_de_la_renta_por_unidad_de_consumo,mediana_de_la_renta_por_unidad_de_consumo,renta_bruta_media_por_hogar,renta_bruta_media_por_persona,renta_neta_media_por_hogar,renta_neta_media_por_persona,edad_media_de_la_poblacion,poblacion,porcentaje_de_hogares_unipersonales,porcentaje_de_poblacion_de_65_y_mas_anos,porcentaje_de_poblacion_espanola,porcentaje_de_poblacion_menor_de_18_anos,tamano_medio_del_hogar
1707901001,2015,1.8,20.4,13.8,2.0,62.1,3.3,39.6,19430.0,15400.0,36349.0,16565.0,28954.0,13196.0,39.1,1020.0,44.6,13.2,84.6,17.2,2.2
1707901001,2016,2.0,21.9,13.9,1.6,60.6,3.7,38.9,20791.0,17150.0,38625.0,17729.0,30986.0,14222.0,39.7,1019.0,45.3,13.4,86.7,16.8,2.1
1707901001,2017,2.2,21.0,11.9,1.5,63.4,3.6,39.3,21255.0,17150.0,40082.0,18396.0,31846.0,14616.0,39.3,1029.0,45.1,12.4,85.3,16.8,2.1
1707901001,2018,2.4,22.5,10.3,1.4,63.5,3.9,39.5,22320.0,17850.0,42995.0,19265.0,34048.0,15256.0,39.2,1062.0,43.5,12.0,82.4,16.0,2.2
1707901001,2019,2.6,21.4,11.1,1.6,63.3,3.6,39.9,23505.0,17850.0,44733.0,20010.0,35668.0,15955.0,39.2,1074.0,42.4,11.6,79.3,14.8,2.2
1707901001,2020,2.9,23.5,11.8,4.5,57.4,3.4,39.7,23390.0,17150.0,44661.0,20066.0,35538.0,15967.0,39.5,1056.0,44.2,11.6,77.5,13.8,2.2
1707901001,2021,2.8,22.0,10.9,2.8,61.4,3.4,37.2,24748.0,19950.0,47159.0,21754.0,36559.0,16865.0,40.1,1000.0,46.6,11.9,76.4,13.1,2.1
1707901001,2022,2.6,23.1,10.3,1.5,62.6,3.3,37.6,25559.0,20650.0,49522.0,22299.0,37957.0,17092.0,39.8,1079.0,42.7,11.3,74.0,13.2,2.2
1707901001,2023,2.3,23.1,11.1,1.3,62.2,3.1,37.4,27933.0,22050.0,56064.0,25401.0,43205.0,19575.0,39.5,1055.0,43.6,10.4,74.0,13.6,2.1
1707901002,2015,2.2,20.3,25.5,1.8,50.3,4.3,38.0,19866.0,17850.0,44341.0,15843.0,36418.0,13013.0,42.5,850.0,23.6,22.9,94.8,20.0,2.8
1707901002,2016,2.4,19.4,25.7,1.6,50.9,4.2,37.5,20181.0,18550.0,45542.0,16182.0,37291.0,13250.0,42.2,865.0,23.5,22.8,93.9,20.5,2.8
1707901002,2017,2.8,18.7,26.4,1.1,51.1,4.9,39.2,21558.0,18550.0,50757.0,17430.0,40990.0,14076.0,42.4,870.0,22.6,23.0,91.1,20.5,2.9
1707901002,2018,2.7,19.5,23.0,1.0,53.8,4.2,37.8,22646.0,19250.0,53530.0,18308.0,42633.0,14581.0,42.9,847.0,24.3,23.6,91.3,19.6,2.8
1707901002,2019,2.7,22.9,22.7,0.8,51.0,3.9,38.1,24278.0,19250.0,58843.0,20256.0,46037.0,15848.0,42.7,874.0,23.6,23.2,90.5,20.0,2.9
1707901002,2020,2.9,19.7,24.1,2.7,50.6,3.7,35.6,23503.0,20650.0,53937.0,18811.0,43509.0,15174.0,43.0,863.0,23.7,23.3,91.2,20.2,2.8
1707901002,2021,2.9,21.1,25.4,1.8,48.9,4.0,36.6,24052.0,20650.0,53925.0,19603.0,43485.0,15808.0,43.7,822.0,27.2,24.7,90.6,20.8,2.7
1707901002,2022,3.6,23.3,25.4,1.4,46.4,3.6,37.2,24559.0,22050.0,56276.0,20314.0,45185.0,16311.0,43.4,823.0,27.8,24.8,91.3,20.1,2.7
1707901002,2023,3.2,24.0,25.3,1.4,46.1,3.7,36.5,25999.0,22750.0,60653.0,21657.0,48563.0,17340.0,43.9,825.0,27.1,25.1,90.7,19.4,2.7
1707901003,2015,1.9,15.5,18.7,1.7,62.3,3.5,36.9,20901.0,17850.0,40255.0,17630.0,32452.0,14212.0,41.2,1265.0,36.3,16.8,83.8,16.4,2.2
1707901003,2016,2.0,15.0,18.5,1.5,63.1,3.3,37.0,22135.0,19950.0,42428.0,18669.0,34271.0,15080.0,41.9,1246.0,34.5,17.8,85.3,15.9,2.2
1707901003,2017,2.2,14.9,18.3,1.4,63.3,3.4,35.1,22198.0,19950.0,43708.0,18884.0,34878.0,15069.0,41.2,1248.0,33.5,17.0,85.5,16.5,2.3
1707901003,2018,2.6,15.0,17.5,1.1,63.8,2.9,33.7,23509.0,19950.0,46940.0,19930.0,37529.0,15934.0,40.9,1261.0,33.6,16.9,84.2,17.7,2.3
1707901003,2019,2.4,16.6,17.0,1.2,62.8,2.7,32.7,24400.0,21350.0,49513.0,20977.0,39219.0,16616.0,41.2,1251.0,32.3,17.5,84.9,17.2,2.3
1707901003,2020,2.8,13.3,17.5,3.1,63.3,2.6,31.8,24088.0,22050.0,49285.0,20724.0,38746.0,16292.0,41.5,1252.0,31.8,17.7,83.4,17.3,2.4
1707901003,2021,2.4,14.4,16.7,2.1,64.4,2.6,32.3,24812.0,22750.0,51348.0,21353.0,40481.0,16834.0,41.0,1335.0,31.2,17.2,80.3,17.6,2.4
1707901003,2022,2.7,15.4,17.2,1.0,63.7,2.7,31.6,25569.0,22750.0,53330.0,22055.0,41929.0,17340.0,41.4,1363.0,32.5,17.5,79.7,17.1,2.4
1707901003,2023,2.7,14.0,16.9,1.2,65.3,2.3,30.1,27181.0,24150.0,57374.0,23819.0,44793.0,18596.0,41.7,1402.0,34.3,17.5,80.8,15.3,2.4
1707901004,2015,3.2,10.2,21.8,2.8,62.0,4.1,38.3,14281.0,12950.0,28463.0,11766.0,24166.0,9989.0,39.6,1309.0,37.4,16.1,70.4,18.9,2.4
1707901004,2016,3.2,9.3,21.6,2.7,63.2,3.7,35.9,14790.0,12950.0,28668.0,11996.0,24345.0,10187.0,39.8,1275.0,35.5,16.0,72.0,19.0,2.3
1707901004,2017,3.8,8.7,20.3,2.2,65.0,3.4,34.9,15341.0,12950.0,30317.0,12475.0,25638.0,10550.0,39.9,1324.0,35.7,15.6,71.2,18.7,2.4
1707901004,2018,4.4,10.6,19.7,2.0,63.4,3.1,33.5,16731.0,14350.0,33293.0,13475.0,28071.0,11361.0,40.2,1337.0,36.6,16.0,71.5,18.5,2.4
1707901004,2019,3.9,9.0,19.0,1.9,66.3,3.2,33.2,17595.0,15750.0,34779.0,14485.0,29130.0,12132.0,40.3,1348.0,37.9,15.9,69.7,18.0,2.4
1707901004,2020,3.9,11.5,17.5,4.7,62.3,3.0,32.5,18277.0,15750.0,36584.0,15213.0,30423.0,12651.0,40.5,1333.0,37.2,15.7,70.1,17.6,2.4
1707901004,2021,3.9,8.4,16.4,3.3,67.9,3.0,33.1,17912.0,15050.0,36003.0,14829.0,29895.0,12314.0,39.9,1384.0,37.1,14.3,68.7,17.2,2.4
1707901004,2022,4.1,8.2,16.4,1.9,69.4,2.7,32.9,19071.0,16450.0,38243.0,15796.0,31338.0,12944.0,40.0,1387.0,37.0,14.6,70.9,17.0,2.4
1707901004,2023,4.5,9.6,15.0,2.2,68.8,2.8,31.4,20468.0,17850.0,42951.0,17045.0,35057.0,13913.0,39.8,1465.0,36.2,14.6,70.2,16.8,2.5
1707901005,2015,12.3,2.9,29.0,8.7,47.1,,,5239.0,3850.0,12261.0,3466.0,11472.0,3281.0,29.9,1811.0,15.1,6.1,86.2,34.2,3.4
1707901005,2016,13.3,1.6,27.6,6.9,50.5,5.9,46.7,5557.0,4550.0,12654.0,3575.0,11804.0,3335.0,30.4,1744.0,15.7,6.3,87.4,33.6,3.4
1707901005,2017,23.6,1.3,23.6,5.4,46.2,3.0,35.6,6623.0,5950.0,14762.0,4238.0,13844.0,3975.0,30.6,1701.0,17.7,6.4,89.4,33.7,3.4
1707901005,2018,25.6,1.6,23.3,4.7,44.9,3.4,35.9,6997.0,5950.0,15852.0,4475.0,14914.0,4210.0,30.7,1752.0,17.1,6.5,89.1,33.9,3.4
1707901005,2019,26.4,2.2,22.6,4.6,44.3,2.8,34.1,7472.0,6650.0,16837.0,4708.0,15917.0,4451.0,30.8,1785.0,16.7,6.5,88.6,33.7,3.4
1707901005,2020,27.3,0.9,24.9,7.1,39.7,2.8,34.2,7555.0,6650.0,17128.0,4821.0,16150.0,4546.0,30.7,1791.0,17.0,6.4,87.7,34.1,3.5
1707901005,2021,30.6,1.7,22.2,6.5,39.0,2.2,28.0,8385.0,7350.0,18465.0,5374.0,17486.0,5089.0,31.1,1737.0,19.2,6.5,86.8,33.3,3.4
1707901005,2022,30.2,1.1,22.4,5.7,40.6,2.3,30.1,8741.0,7350.0,19206.0,5565.0,18138.0,5255.0,31.1,1741.0,18.8,6.8,88.6,33.8,3.4
1707901005,2023,31.8,1.1,22.0,3.7,41.3,2.4,29.3,9753.0,8750.0,21875.0,6329.0,20613.0,5964.0,31.5,1742.0,17.5,7.1,87.4,32.6,3.3
1707901006,2015,7.5,5.9,28.8,4.7,53.2,3.8,34.5,11219.0,10850.0,22400.0,8263.0,20217.0,7458.0,39.7,1467.0,26.2,19.9,85.7,23.3,2.7
1707901006,2016,7.5,5.6,28.0,4.1,54.9,3.8,34.8,11432.0,10850.0,22888.0,8286.0,20650.0,7476.0,39.7,1491.0,24.7,19.7,85.8,23.5,2.7
1707901006,2017,8.7,4.6,25.9,3.7,57.2,3.0,31.3,11947.0,11550.0,24183.0,8717.0,21692.0,7819.0,39.3,1505.0,24.4,19.3,84.8,23.9,2.7
1707901006,2018,8.8,5.0,25.4,3.3,57.6,2.8,30.1,12781.0,12250.0,25840.0,9399.0,23106.0,8405.0,39.7,1509.0,25.0,19.2,84.7,23.2,2.7
1707901006,2019,8.9,5.8,25.8,3.1,56.4,2.8,30.8,12931.0,12250.0,26548.0,9489.0,23700.0,8471.0,40.0,1537.0,24.3,18.9,82.7,23.2,2.8
1707901006,2020,9.3,6.2,26.0,6.4,52.1,2.8,28.5,12955.0,12250.0,26668.0,9553.0,23806.0,8528.0,40.0,1549.0,24.1,18.5,82.4,23.4,2.8
1707901006,2021,9.7,5.9,25.4,4.5,54.6,2.6,28.9,13586.0,12250.0,27654.0,9992.0,24630.0,8899.0,39.9,1543.0,23.5,19.1,81.9,23.3,2.8
1707901006,2022,9.7,5.9,25.4,3.6,55.4,2.5,29.0,14233.0,13650.0,29673.0,10484.0,26316.0,9298.0,39.5,1615.0,22.4,18.3,80.7,23.7,2.8
1707901006,2023,10.2,6.4,24.2,3.1,56.1,2.8,28.5,14782.0,14350.0,32096.0,10921.0,28350.0,9647.0,39.2,1699.0,21.6,18.0,79.4,23.4,2.9
1707902001,2015,2.1,29.9,20.5,0.8,46.9,3.2,35.9,25645.0,22750.0,53945.0,21740.0,42309.0,17051.0,43.7,817.0,33.6,21.4,85.6,15.9,2.4
1707902001,2016,2.4,28.0,20.2,0.9,48.5,3.4,35.4,25876.0,22750.0,55473.0,22189.0,43385.0,17354.0,44.4,811.0,33.8,22.7,87.5,16.8,2.5
1707902001,2017,2.2,25.4,21.1,0.6,50.7,2.8,33.3,28622.0,23450.0,62014.0,24667.0,48043.0,19110.0,44.6,816.0,34.5,23.2,88.7,17.8,2.5
1707902001,2018,2.3,23.8,19.7,0.8,53.3,2.8,31.9,30186.0,25550.0,63828.0,25697.0,49716.0,20016.0,44.9,786.0,34.0,23.5,88.4,17.1,2.5
1707902001,2019,2.4,28.2,18.3,0.8,50.5,2.6,30.2,32081.0,26950.0,68741.0,27604.0,53218.0,21370.0,44.4,780.0,36.8,23.6,88.2,18.5,2.5
1707902001,2020,2.1,26.8,16.5,1.9,52.7,2.7,33.3,33932.0,26250.0,73965.0,30340.0,56324.0,23103.0,44.2,763.0,38.0,23.2,88.4,18.7,2.4
1707902001,2021,2.2,24.1,18.8,1.2,53.7,2.6,30.1,32750.0,29050.0,68123.0,28302.0,52171.0,21674.0,44.4,777.0,39.4,25.1,86.6,17.9,2.4
1707902001,2022,2.4,24.4,20.6,0.7,52.0,2.7,31.7,33528.0,30450.0,69647.0,29227.0,52967.0,22228.0,45.2,756.0,40.9,26.5,88.4,17.6,2.3
1707902001,2023,2.5,24.7,20.1,0.9,51.8,3.1,35.4,35605.0,30450.0,75923.0,30977.0,57966.0,23651.0,44.6,803.0,37.8,25.7,88.9,18.6,2.4
1707902002,2015,2.6,20.2,18.6,1.1,57.6,3.6,36.6,24226.0,20650.0,48876.0,21271.0,38030.0,16551.0,41.6,909.0,40.1,19.3,85.7,18.7,2.3
1707902002,2016,2.8,21.1,17.3,0.9,58.0,3.0,36.7,25269.0,21350.0,51352.0,22136.0,40343.0,17391.0,41.2,924.0,37.3,18.4,85.1,19.5,2.3
1707902002,2017,2.4,19.5,15.8,1.0,61.4,2.9,33.9,25910.0,22050.0,52539.0,22590.0,41010.0,17633.0,40.6,948.0,37.2,17.2,86.2,19.1,2.3
1707902002,2018,2.9,19.8,16.5,1.0,59.8,2.8,34.6,26386.0,22750.0,54104.0,22986.0,42145.0,17905.0,41.4,932.0,38.1,17.5,84.8,17.8,2.3
1707902002,2019,2.8,24.1,15.1,0.9,57.2,2.9,33.7,29000.0,24150.0,59971.0,25135.0,46786.0,19609.0,41.6,945.0,36.9,16.6,83.9,17.6,2.3
1707902002,2020,3.1,18.1,15.6,2.6,60.7,3.2,35.1,28459.0,23450.0,60214.0,25658.0,46357.0,19753.0,41.8,945.0,37.7,17.0,84.2,17.4,2.3
1707902002,2021,3.2,17.7,15.9,1.3,62.0,2.9,33.4,28706.0,24850.0,61068.0,25703.0,46599.0,19613.0,41.7,979.0,37.1,17.8,84.9,17.5,2.3
1707902002,2022,3.4,21.1,14.7,0.9,59.9,2.9,34.2,30920.0,26250.0,65947.0,27668.0,50241.0,21079.0,41.4,997.0,35.6,18.0,83.3,17.7,2.4
1707902002,2023,3.3,22.5,15.8,1.0,57.4,2.9,35.1,30703.0,25550.0,68473.0,28112.0,50395.0,20690.0,40.8,1070.0,36.0,17.3,82.0,18.3,2.4
1707902003,2015,2.2,29.7,21.1,0.6,46.3,3.2,35.6,26786.0,21350.0,55906.0,22585.0,43536.0,17588.0,44.3,1268.0,32.4,24.5,88.7,17.4,2.5
1707902003,2016,2.0,26.7,22.3,0.7,48.4,3.3,35.5,25775.0,21350.0,55713.0,22147.0,43056.0,17116.0,44.0,1280.0,30.6,24.2,88.4,17.7,2.5
1707902003,2017,2.1,26.9,21.6,0.6,48.9,2.9,34.4,26830.0,22750.0,57991.0,23224.0,44742.0,17918.0,44.3,1282.0,31.1,25.0,88.7,17.6,2.5
1707902003,2018,2.4,27.8,20.1,0.6,49.2,3.0,34.0,28662.0,24150.0,60142.0,24714.0,46494.0,19106.0,44.3,1277.0,33.4,25.1,90.0,17.7,2.4
1707902003,2019,2.1,31.6,19.1,0.6,46.6,2.8,36.0,32145.0,24850.0,69111.0,27990.0,52539.0,21279.0,44.0,1301.0,32.0,24.0,88.8,18.3,2.5
1707902003,2020,2.6,24.2,22.2,2.2,48.8,2.7,33.4,29369.0,24850.0,61837.0,25572.0,46971.0,19425.0,44.6,1274.0,33.4,24.4,88.8,17.4,2.4
1707902003,2021,2.6,26.1,18.6,1.1,51.6,2.9,33.7,30216.0,25550.0,66059.0,27027.0,49277.0,20160.0,44.2,1313.0,32.7,24.1,86.8,18.5,2.4
1707902003,2022,2.1,33.5,17.9,0.7,45.8,2.9,36.5,33189.0,25550.0,74567.0,31008.0,53692.0,22327.0,44.1,1331.0,34.4,23.8,86.9,17.9,2.4
1707902003,2023,2.2,26.4,20.8,0.8,49.8,2.6,32.4,32451.0,26950.0,70974.0,29629.0,53084.0,22160.0,44.3,1294.0,35.1,24.4,87.8,16.8,2.4
1707902004,2015,1.8,23.9,20.2,0.7,53.4,3.2,34.6,23984.0,20650.0,50484.0,20416.0,39797.0,16094.0,44.4,1613.0,30.5,22.8,85.3,15.4,2.4
1707902004,2016,1.9,26.7,18.8,0.6,52.1,3.3,35.4,26271.0,21350.0,55997.0,22392.0,43670.0,17463.0,44.3,1652.0,31.1,23.4,86.0,16.6,2.5
1707902004,2017,1.9,25.5,19.4,0.7,52.6,2.9,34.1,26404.0,22050.0,56291.0,22557.0,43654.0,17493.0,44.5,1674.0,30.8,23.5,86.7,16.1,2.4
1707902004,2018,2.2,25.3,19.1,0.6,52.7,3.2,34.4,26755.0,22750.0,57114.0,23165.0,40863.0,16574.0,44.4,1683.0,32.4,23.4,85.6,16.0,2.4
1707902004,2019,2.1,25.2,20.0,0.8,51.9,3.3,35.5,28776.0,23450.0,59602.0,24834.0,45805.0,19085.0,44.5,1677.0,33.6,23.5,84.6,15.8,2.4
1707902004,2020,2.5,22.7,20.8,2.5,51.5,3.1,33.7,27979.0,24150.0,57702.0,24310.0,44402.0,18707.0,44.7,1663.0,34.3,24.2,85.2,15.9,2.4
1707902004,2021,2.1,24.7,21.2,1.6,50.5,3.1,33.8,29591.0,24850.0,62483.0,26006.0,47728.0,19865.0,44.5,1665.0,34.6,24.1,84.3,16.4,2.4
1707902004,2022,2.4,23.1,20.6,0.8,53.1,2.9,33.6,31158.0,26950.0,64704.0,27702.0,48795.0,20891.0,44.3,1641.0,36.8,23.3,85.6,16.7,2.3
1707902004,2023,2.5,24.2,19.3,0.7,53.3,3.1,33.9,32741.0,26950.0,68901.0,29601.0,52012.0,22345.0,44.0,1676.0,36.4,23.6,85.1,16.6,2.3
1707902005,2015,2.1,19.6,25.5,0.7,52.2,2.7,30.4,23641.0,22050.0,49543.0,19828.0,39578.0,15840.0,43.3,936.0,36.1,23.1,86.9,18.1,2.5
1707902005,2016,2.0,23.9,23.6,0.7,49.9,2.8,31.6,26149.0,22750.0,55954.0,22382.0,44179.0,17672.0,42.9,951.0,36.1,22.4,85.7,19.3,2.5
1707902005,2017,2.2,21.5,21.4,0.8,54.2,2.7,30.7,26586.0,23450.0,55644.0,23042.0,43149.0,17868.0,43.5,923.0,38.1,23.4,84.6,18.7,2.4
1707902005,2018,2.6,22.2,20.6,0.6,54.1,2.8,32.7,28324.0,23450.0,58519.0,24988.0,45240.0,19318.0,42.9,942.0,38.5,22.2,84.3,17.8,2.4
1707902005,2019,2.7,21.6,19.5,0.7,55.6,2.6,30.4,30073.0,24850.0,60933.0,26965.0,46540.0,20595.0,43.7,903.0,37.9,22.9,85.6,16.7,2.3
1707902005,2020,3.0,18.3,19.7,2.5,56.6,2.7,30.0,28662.0,24850.0,59563.0,26194.0,45649.0,20075.0,43.4,915.0,39.6,23.0,84.9,17.2,2.3
1707902005,2021,2.5,23.8,19.6,1.1,53.0,3.2,33.4,28689.0,24850.0,59369.0,25974.0,45501.0,19907.0,44.5,905.0,35.6,23.9,83.3,15.4,2.2
1707902005,2022,2.6,24.5,19.2,0.8,52.9,3.2,34.3,30626.0,25550.0,63075.0,27727.0,46017.0,20229.0,43.9,888.0,38.4,23.5,83.9,16.0,2.2
1707902005,2023,2.0,27.0,18.6,0.8,51.5,3.1,34.3,32911.0,28350.0,69250.0,30166.0,52134.0,22710.0,43.6,924.0,38.3,22.6,82.5,14.3,2.3
1707902006,2015,1.9,21.6,24.4,1.4,50.6,3.4,35.3,23171.0,19950.0,46954.0,19377.0,37699.0,15557.0,42.8,2035.0,33.0,22.4,83.7,18.8,2.4
1707902006,2016,2.2,23.1,25.1,1.1,48.5,3.4,35.9,24323.0,20650.0,48355.0,20233.0,38838.0,16250.0,43.2,2010.0,34.1,22.9,83.7,18.5,2.4
1707902006,2017,2.2,22.0,24.1,1.1,50.7,3.1,34.2,23966.0,21350.0,49579.0,20239.0,39273.0,16032.0,43.2,2054.0,32.9,23.3,84.5,18.8,2.4
1707902006,2018,2.3,22.2,24.5,0.9,50.2,3.1,35.1,25249.0,22050.0,52529.0,21362.0,41787.0,16994.0,43.6,2048.0,33.9,23.6,82.8,18.1,2.4
1707902006,2019,1.9,26.8,22.6,0.8,48.0,3.2,34.7,27175.0,22050.0,56274.0,23101.0,44219.0,18152.0,43.9,2047.0,34.6,23.9,81.8,17.7,2.4
1707902006,2020,2.3,19.2,24.3,2.6,51.7,3.1,34.0,25520.0,22750.0,53280.0,22029.0,42168.0,17435.0,43.9,2026.0,36.7,22.9,81.6,17.0,2.4
1707902006,2021,2.4,18.9,23.2,1.8,53.8,3.2,33.0,25685.0,23450.0,53848.0,22432.0,42228.0,17592.0,43.5,2073.0,35.7,21.8,81.0,16.4,2.4
1707902006,2022,2.3,19.3,22.5,1.1,54.8,3.2,32.4,27154.0,24150.0,57282.0,24013.0,44402.0,18613.0,43.2,2101.0,34.8,21.0,81.9,15.2,2.4
1707902006,2023,2.4,19.5,21.4,1.1,55.7,2.9,31.6,27935.0,24850.0,60510.0,25054.0,46079.0,19079.0,42.5,2154.0,34.6,19.9,80.8,15.2,2.4
1707902007,2015,2.2,19.1,16.4,1.1,61.1,3.2,34.7,24592.0,22050.0,54401.0,20385.0,42395.0,15886.0,39.9,1826.0,25.5,15.7,87.0,21.7,2.6
1707902007,2016,2.3,17.9,17.2,1.0,61.6,3.5,35.1,25206.0,22750.0,55574.0,21017.0,43511.0,16455.0,40.5,1849.0,26.9,16.3,85.6,20.2,2.6
1707902007,2017,2.2,19.0,16.6,0.8,61.4,3.3,35.3,26301.0,22750.0,58623.0,22243.0,45164.0,17136.0,40.7,1849.0,26.8,16.5,84.5,19.8,2.6
1707902007,2018,2.4,18.9,15.4,0.8,62.4,3.3,34.9,27245.0,22750.0,60985.0,23301.0,46778.0,17873.0,40.9,1849.0,26.8,17.0,84.1,19.6,2.6
1707902007,2019,2.5,21.2,16.4,0.8,59.1,3.2,35.5,29261.0,24150.0,66009.0,25034.0,50882.0,19297.0,41.1,1892.0,27.7,17.3,83.2,18.9,2.6
1707902007,2020,2.6,20.3,17.4,2.3,57.5,3.0,35.5,29703.0,24150.0,67339.0,25916.0,51263.0,19729.0,41.8,1879.0,28.0,18.0,84.1,18.0,2.6
1707902007,2021,2.3,19.5,18.1,1.0,59.0,3.2,35.8,30789.0,24850.0,70334.0,27269.0,52752.0,20453.0,42.1,1899.0,27.6,18.3,83.6,17.1,2.6
1707902007,2022,2.6,22.6,17.0,0.7,57.2,2.9,35.5,31748.0,25550.0,72978.0,28109.0,54674.0,21059.0,41.8,1937.0,28.1,18.3,84.5,17.4,2.6
1707902007,2023,2.5,24.4,16.1,0.7,56.2,3.0,35.8,33682.0,26250.0,79981.0,30180.0,59916.0,22609.0,42.1,1990.0,27.9,19.0,83.3,17.2,2.6
1707902008,2015,1.8,19.9,19.6,1.2,57.6,2.8,33.8,24757.0,21350.0,52168.0,21070.0,41164.0,16626.0,42.4,1926.0,30.5,18.2,89.2,16.3,2.5
1707902008,2016,1.8,19.8,19.2,0.8,58.4,2.7,33.8,25960.0,22750.0,55780.0,22022.0,43780.0,17284.0,42.4,1977.0,28.0,18.0,89.4,16.3,2.5
1707902008,2017,1.8,23.7,18.3,0.7,55.6,2.6,33.7,26681.0,22750.0,59319.0,23318.0,45138.0,17743.0,42.1,2005.0,29.1,17.9,88.2,16.3,2.5
1707902008,2018,2.1,20.1,18.5,0.7,58.7,2.7,32.8,26758.0,23450.0,58438.0,22931.0,45756.0,17955.0,42.2,2028.0,28.4,18.3,88.5,16.9,2.5
1707902008,2019,2.0,24.9,18.3,0.9,53.9,2.6,33.8,30010.0,24150.0,65592.0,25479.0,51220.0,19896.0,42.9,2004.0,28.5,19.4,88.6,16.7,2.5
1707902008,2020,2.4,23.2,19.0,2.5,52.9,2.6,32.9,29741.0,24150.0,64063.0,25471.0,49281.0,19594.0,43.2,1992.0,28.7,19.9,88.5,16.6,2.5
1707902008,2021,2.5,21.8,19.4,1.4,55.1,2.6,32.2,29655.0,24150.0,64691.0,26175.0,49510.0,20032.0,43.8,1997.0,29.8,21.3,89.5,15.7,2.4
1707902008,2022,2.4,22.1,20.6,0.9,53.9,2.6,33.0,30261.0,24850.0,66848.0,26902.0,51087.0,20559.0,43.9,2046.0,30.1,21.9,89.0,15.5,2.4
1707902008,2023,2.6,24.8,20.5,0.9,51.3,2.6,33.7,32209.0,26250.0,70371.0,28956.0,53885.0,22172.0,44.2,2018.0,29.6,23.1,88.4,15.8,2.4
1707902009,2015,2.8,11.3,18.1,2.0,65.9,2.7,30.3,19882.0,17850.0,43656.0,16237.0,35868.0,13340.0,40.3,1398.0,27.6,14.2,87.7,17.5,2.7
1707902009,2016,2.9,10.8,18.0,1.2,67.1,2.6,29.7,20860.0,17850.0,45331.0,17191.0,37046.0,14049.0,41.0,1371.0,27.2,14.7,88.4,16.2,2.6
1707902009,2017,3.4,11.3,18.2,1.4,65.8,2.4,28.6,21476.0,19250.0,45797.0,17825.0,37352.0,14538.0,41.7,1347.0,28.8,15.5,88.8,14.5,2.6
1707902009,2018,3.6,10.8,18.1,1.5,66.1,2.3,28.9,22088.0,19950.0,46755.0,18217.0,38159.0,14868.0,42.0,1366.0,29.9,15.7,87.4,13.8,2.6
1707902009,2019,3.2,15.6,17.5,1.0,62.7,2.2,28.7,24031.0,20650.0,51370.0,20365.0,41404.0,16415.0,42.0,1375.0,30.6,15.4,87.4,13.8,2.5
1707902009,2020,3.1,10.7,20.4,3.6,62.2,2.6,29.3,23320.0,21350.0,49794.0,19826.0,40228.0,16017.0,42.8,1325.0,31.7,16.3,86.6,13.5,2.5
1707902009,2021,2.9,10.7,19.7,2.4,64.3,2.3,27.9,24386.0,22750.0,52141.0,20754.0,41980.0,16710.0,43.3,1336.0,31.0,17.7,86.7,13.6,2.5
1707902009,2022,3.0,11.9,20.1,1.8,63.2,2.3,27.8,25220.0,22750.0,54385.0,21697.0,43255.0,17256.0,43.7,1346.0,30.9,18.7,85.7,13.5,2.5
1707902009,2023,3.2,10.5,20.5,1.7,64.2,2.3,29.1,26669.0,23450.0,57144.0,22569.0,45898.0,18127.0,43.8,1365.0,30.4,19.3,85.0,13.5,2.5
1707902010,2015,1.5,9.5,13.9,1.7,73.4,2.5,29.0,20393.0,19250.0,41616.0,16826.0,33695.0,13624.0,37.7,2337.0,31.3,11.4,87.8,22.8,2.5
1707902010,2016,1.5,9.7,13.8,1.3,73.6,2.5,29.0,20569.0,19250.0,42370.0,16952.0,34288.0,13718.0,38.2,2377.0,31.2,11.9,86.1,22.3,2.5
1707902010,2017,1.8,10.4,14.0,1.2,72.6,2.5,29.1,21539.0,19950.0,43715.0,17894.0,35213.0,14414.0,38.9,2375.0,33.0,12.5,86.2,21.6,2.4
1707902010,2018,2.3,9.1,14.3,1.5,72.9,2.4,28.0,21785.0,20650.0,44855.0,18355.0,35415.0,14492.0,39.5,2391.0,32.3,12.9,86.4,20.5,2.4
1707902010,2019,2.3,9.3,14.1,1.2,73.0,2.3,27.6,23061.0,22050.0,47098.0,19544.0,37708.0,15647.0,39.9,2365.0,32.3,13.2,86.8,19.3,2.4
1707902010,2020,2.6,7.8,16.2,3.4,70.0,2.3,27.2,23409.0,21350.0,48252.0,19866.0,38665.0,15919.0,40.5,2358.0,31.2,14.3,86.8,18.7,2.4
1707902010,2021,2.7,9.2,14.9,1.8,71.4,2.4,27.2,24366.0,22050.0,49946.0,21033.0,39884.0,16796.0,41.2,2377.0,32.1,14.5,87.0,17.3,2.4
1707902010,2022,2.6,9.7,14.9,1.3,71.5,2.3,26.5,25348.0,22750.0,52153.0,22176.0,41102.0,17477.0,41.4,2355.0,33.4,15.1,87.2,16.7,2.3
1707902010,2023,2.7,9.0,14.6,1.1,72.6,2.2,26.2,26524.0,24150.0,54838.0,23321.0,43206.0,18374.0,41.6,2364.0,34.1,15.4,88.0,16.0,2.3
1707902011,2015,2.4,8.3,14.8,2.2,72.3,2.9,31.6,18387.0,17150.0,36878.0,14806.0,30535.0,12260.0,36.9,2308.0,30.7,10.4,80.7,20.1,2.5
1707902011,2016,3.4,7.9,13.7,1.5,73.6,2.8,31.3,19390.0,17150.0,39299.0,15592.0,32463.0,12879.0,36.9,2337.0,30.0,10.9,79.4,20.9,2.5
1707902011,2017,2.2,7.4,13.3,1.7,75.3,2.9,31.8,19327.0,17850.0,39174.0,15653.0,32090.0,12823.0,37.1,2393.0,29.8,10.7,79.2,20.5,2.5
1707902011,2018,2.9,7.0,12.6,1.7,75.8,2.7,30.8,19713.0,17850.0,40689.0,16194.0,33176.0,13204.0,37.0,2430.0,31.9,10.6,78.8,21.0,2.5
1707902011,2019,2.8,7.3,12.9,1.5,75.5,2.8,30.9,20423.0,19250.0,41583.0,16853.0,33783.0,13691.0,37.2,2479.0,31.3,10.7,77.1,20.7,2.5
1707902011,2020,3.0,6.7,13.3,4.5,72.6,2.7,30.4,20753.0,19250.0,43091.0,17174.0,35032.0,13962.0,37.5,2552.0,30.4,10.9,77.4,20.7,2.5
1707902011,2021,3.1,7.2,13.4,2.6,73.7,2.5,29.1,21351.0,19950.0,43994.0,17612.0,35516.0,14218.0,38.2,2537.0,30.1,11.8,76.6,20.3,2.5
1707902011,2022,3.3,7.8,13.0,1.8,74.0,2.5,29.0,22244.0,20650.0,46421.0,18507.0,37393.0,14908.0,38.5,2595.0,31.1,11.9,77.6,18.9,2.5
1707902011,2023,3.3,8.6,12.9,1.4,73.8,2.6,28.2,23134.0,22050.0,48784.0,19510.0,39263.0,15702.0,38.9,2598.0,30.4,12.6,78.8,18.2,2.5
1707902012,2015,2.5,20.8,23.9,0.8,52.0,3.1,33.6,24359.0,22050.0,52435.0,21186.0,40714.0,16450.0,46.2,1267.0,32.0,25.9,89.1,14.3,2.4
1707902012,2016,2.4,20.1,25.9,0.5,51.0,3.1,32.9,25723.0,22750.0,54730.0,22386.0,42959.0,17571.0,46.6,1270.0,32.1,26.9,89.1,14.8,2.4
1707902012,2017,2.5,18.9,26.5,0.6,51.4,2.9,32.1,25518.0,23450.0,53766.0,22022.0,42636.0,17464.0,47.2,1261.0,32.1,28.3,89.4,14.9,2.4
1707902012,2018,2.3,17.7,26.8,0.8,52.4,2.8,33.2,26435.0,24150.0,56058.0,22846.0,44071.0,17961.0,46.8,1294.0,33.1,28.4,88.8,15.7,2.4
1707902012,2019,2.5,22.1,25.7,0.6,49.2,2.8,32.2,28352.0,24850.0,61660.0,24777.0,48016.0,19295.0,46.5,1289.0,31.4,28.9,87.8,15.4,2.4
1707902012,2020,2.7,17.0,27.0,2.3,51.1,2.9,32.1,27746.0,25550.0,59252.0,24186.0,46114.0,18823.0,46.9,1305.0,32.8,29.4,88.1,15.1,2.4
1707902012,2021,2.4,17.2,27.8,1.2,51.3,2.8,31.8,29698.0,26950.0,62384.0,26078.0,48417.0,20239.0,46.8,1304.0,35.6,29.0,89.1,16.0,2.4
1707902012,2022,2.3,18.5,26.7,0.7,51.9,2.8,30.4,30739.0,28350.0,65190.0,27154.0,49570.0,20648.0,46.7,1298.0,35.0,29.5,89.4,16.5,2.3
1707902012,2023,2.0,20.2,25.6,0.7,51.6,2.7,33.5,32266.0,28350.0,70394.0,28857.0,53915.0,22101.0,47.0,1347.0,33.9,29.4,87.8,15.8,2.4
1707902013,2015,2.0,16.8,28.3,1.4,51.5,4.0,37.5,20731.0,18550.0,43145.0,17401.0,35045.0,14134.0,44.1,1172.0,33.1,23.4,74.6,17.4,2.5
1707902013,2016,2.0,15.7,27.8,0.9,53.6,3.9,37.3,21715.0,19250.0,45124.0,18120.0,36414.0,14623.0,43.9,1167.0,32.8,23.9,76.4,17.9,2.5
1707902013,2017,2.4,16.4,28.4,1.1,51.6,3.8,37.1,22533.0,19950.0,47486.0,19019.0,38001.0,15220.0,43.3,1198.0,32.6,24.0,77.4,19.6,2.5
1707902013,2018,2.5,16.0,28.6,1.0,51.9,3.9,37.0,22939.0,19950.0,48611.0,19501.0,38626.0,15495.0,43.2,1223.0,34.1,23.9,77.6,19.4,2.5
1707902013,2019,2.5,17.1,27.3,1.1,52.0,3.6,37.2,23636.0,20650.0,49016.0,20298.0,38884.0,16102.0,43.2,1223.0,35.7,24.2,77.4,19.1,2.4
1707902013,2020,2.3,21.3,26.1,3.0,47.3,3.4,37.0,25455.0,19950.0,52452.0,22362.0,41620.0,17744.0,43.9,1168.0,36.1,24.7,77.3,17.4,2.3
1707902013,2021,2.6,15.6,27.6,2.3,52.0,3.6,35.7,23516.0,20300.0,47844.0,20381.0,38073.0,16219.0,43.7,1186.0,36.4,23.4,76.6,18.1,2.4
1707902013,2022,2.6,16.8,25.6,1.2,53.8,3.3,35.0,24996.0,22050.0,51625.0,22232.0,40615.0,17491.0,43.4,1200.0,38.6,22.6,77.7,16.8,2.3
1707902013,2023,3.0,16.4,23.9,1.2,55.6,3.1,34.5,26426.0,22050.0,55595.0,23657.0,43462.0,18494.0,43.3,1214.0,40.0,22.6,76.4,16.0,2.3
1707902014,2015,3.3,13.3,22.3,2.7,58.5,2.9,33.7,16175.0,14350.0,31880.0,12800.0,27179.0,10913.0,40.9,938.0,33.0,19.2,84.3,20.3,2.5
1707902014,2016,3.8,13.3,20.9,2.3,59.7,2.7,32.9,16886.0,15050.0,34031.0,13335.0,28946.0,11342.0,40.8,963.0,31.0,18.8,83.8,20.1,2.5
1707902014,2017,4.6,13.4,21.0,1.9,59.1,2.8,33.4,16862.0,15050.0,34778.0,13365.0,29435.0,11312.0,40.4,996.0,28.2,17.3,81.6,19.5,2.6
1707902014,2018,4.8,13.7,19.4,1.7,60.4,2.8,34.2,17558.0,15750.0,35955.0,14023.0,29954.0,11683.0,40.7,997.0,28.8,16.3,81.5,18.9,2.6
1707902014,2019,4.4,13.5,19.0,1.5,61.5,2.7,31.6,19074.0,17150.0,39662.0,15302.0,32922.0,12701.0,40.6,994.0,28.1,16.0,81.6,18.5,2.6
1707902014,2020,4.9,11.5,17.9,4.9,60.9,2.9,31.4,19097.0,16450.0,40410.0,15093.0,33792.0,12621.0,40.4,1029.0,26.2,15.7,79.7,19.1,2.7
1707902014,2021,4.9,12.2,17.6,2.9,62.3,3.0,32.6,19549.0,17850.0,41638.0,15717.0,34486.0,13018.0,40.2,1030.0,27.3,15.6,79.7,19.0,2.7
1707902014,2022,4.9,13.3,17.2,1.6,62.9,2.7,33.2,20435.0,17850.0,44746.0,16448.0,36629.0,13464.0,39.9,1070.0,26.0,14.9,77.6,19.4,2.7
1707902014,2023,4.3,13.6,16.3,1.7,64.2,2.7,31.8,21642.0,18550.0,48772.0,17631.0,39639.0,14330.0,40.2,1082.0,26.8,15.2,77.4,17.8,2.8
1707902015,2015,1.4,18.5,12.6,1.0,66.6,2.6,31.0,29823.0,26250.0,71338.0,25081.0,54243.0,19071.0,39.2,2272.0,20.6,11.8,92.3,20.6,2.8
1707902015,2016,1.3,19.8,13.4,0.6,64.9,2.6,32.9,31553.0,26250.0,75288.0,26524.0,57356.0,20206.0,39.5,2264.0,20.9,12.7,92.2,21.0,2.8
1707902015,2017,1.2,19.1,13.5,0.6,65.6,2.6,30.6,31431.0,27650.0,75076.0,26693.0,56745.0,20175.0,39.9,2282.0,21.8,13.4,92.2,21.3,2.8
1707902015,2018,1.5,18.8,14.2,0.5,65.0,2.5,29.2,32677.0,27650.0,76682.0,27648.0,58314.0,21025.0,40.3,2282.0,21.9,14.4,92.8,20.3,2.8
1707902015,2019,1.6,19.2,14.4,0.5,64.2,2.5,29.1,33631.0,29050.0,79595.0,28469.0,59481.0,21275.0,40.7,2312.0,22.7,15.4,92.1,20.0,2.8
1707902015,2020,1.8,17.4,15.6,2.1,63.1,2.4,30.3,33913.0,29050.0,80139.0,28792.0,60418.0,21707.0,41.2,2295.0,21.8,16.5,92.0,19.0,2.8
1707902015,2021,1.7,19.4,15.3,1.0,62.6,2.4,29.3,35110.0,29750.0,84719.0,30286.0,62649.0,22396.0,41.6,2306.0,22.0,17.0,91.3,18.7,2.8
1707902015,2022,1.7,24.3,14.6,0.7,58.7,2.5,30.0,37529.0,31150.0,93682.0,33518.0,67625.0,24195.0,41.8,2342.0,20.9,17.7,91.2,18.3,2.8
1707902015,2023,1.8,20.4,15.1,0.7,62.1,2.5,30.8,38620.0,33250.0,95954.0,33875.0,70539.0,24903.0,42.1,2408.0,20.1,18.4,91.6,18.2,2.8
1707902016,2015,1.0,22.3,14.9,0.8,61.0,2.6,31.8,31311.0,27650.0,84009.0,26449.0,64170.0,20203.0,42.1,1209.0,9.9,13.6,95.9,16.1,3.2
1707902016,2016,1.0,22.1,17.2,0.6,59.1,2.5,32.2,33368.0,28350.0,88876.0,28634.0,67150.0,21634.0,43.0,1196.0,12.1,15.1,95.7,15.4,3.1
1707902016,2017,1.0,20.7,18.1,0.5,59.7,2.4,30.3,33541.0,29750.0,88822.0,28803.0,66983.0,21721.0,43.2,1217.0,13.1,16.8,95.0,15.9,3.1
1707902016,2018,1.2,22.5,17.1,0.5,58.7,2.4,29.7,34276.0,30450.0,91858.0,29695.0,68733.0,22219.0,43.5,1230.0,11.8,18.3,95.1,16.3,3.1
1707902016,2019,1.3,21.7,19.0,0.4,57.5,2.3,28.8,35196.0,31150.0,94460.0,30940.0,68838.0,22547.0,44.3,1214.0,11.0,20.6,94.9,15.4,3.0
1707902016,2020,1.3,22.1,23.8,1.1,51.8,2.6,30.5,38868.0,31850.0,105404.0,34639.0,77712.0,25538.0,45.0,1204.0,11.0,22.8,94.1,15.4,3.0
1707902016,2021,1.4,22.4,19.8,0.7,55.7,2.5,28.6,37478.0,33950.0,99012.0,32434.0,73157.0,23964.0,45.0,1217.0,9.8,24.1,93.9,14.9,3.0
1707902016,2022,1.4,22.7,21.3,0.3,54.3,2.3,28.1,39841.0,34650.0,102198.0,34976.0,74464.0,25485.0,45.8,1161.0,12.6,26.7,94.5,14.2,2.9
1707902016,2023,1.5,22.3,23.4,0.4,52.5,2.3,27.2,41414.0,36750.0,108101.0,37136.0,79628.0,27355.0,45.9,1168.0,13.4,27.9,94.0,15.3,2.9
1707902017,2015,1.4,15.4,12.1,1.1,70.0,2.6,31.3,25454.0,22050.0,63482.0,20454.0,48400.0,15594.0,39.2,1328.0,14.1,11.9,93.1,22.0,3.1
1707902017,2016,1.5,16.0,12.4,0.7,69.4,2.4,30.4,27089.0,22750.0,67227.0,21850.0,52138.0,16946.0,39.8,1318.0,14.1,13.1,94.0,21.2,3.1
1707902017,2017,1.6,20.7,13.9,0.6,63.2,2.5,30.7,28034.0,24150.0,71731.0,23199.0,54906.0,17758.0,39.7,1349.0,13.3,14.2,93.5,21.4,3.1
1707902017,2018,2.0,17.5,13.8,0.6,66.1,2.2,30.9,28192.0,23450.0,71454.0,23007.0,55222.0,17781.0,40.5,1358.0,14.2,15.5,92.3,20.8,3.1
1707902017,2019,1.6,26.7,12.7,0.8,58.3,2.4,32.1,33832.0,25550.0,84637.0,27666.0,64977.0,21240.0,41.3,1346.0,14.3,16.6,92.4,20.1,3.1
1707902017,2020,2.0,16.8,15.7,2.8,62.8,2.6,32.1,29989.0,25550.0,74578.0,24488.0,56604.0,18586.0,41.6,1345.0,14.7,18.4,92.6,19.9,3.0
1707902017,2021,2.2,19.4,14.4,1.3,62.7,2.3,29.8,31298.0,27650.0,80309.0,25807.0,59045.0,18974.0,41.4,1396.0,15.1,18.9,91.3,20.6,3.1
1707902017,2022,2.1,22.3,14.5,0.7,60.4,2.3,30.5,33960.0,29050.0,85971.0,27653.0,62367.0,20061.0,41.9,1400.0,15.7,19.9,91.2,20.1,3.1
1707902017,2023,2.1,22.2,14.5,0.8,60.4,2.2,29.8,35491.0,29750.0,91515.0,29925.0,68721.0,22471.0,42.7,1383.0,14.1,21.1,91.6,19.4,3.1
1707902018,2015,1.9,10.3,16.5,1.4,69.9,2.5,27.5,23488.0,21350.0,49484.0,18985.0,39844.0,15286.0,38.4,1525.0,26.2,14.8,91.8,22.9,2.6
1707902018,2016,2.1,10.2,15.7,1.3,70.8,2.4,28.9,24622.0,22750.0,51091.0,19880.0,41161.0,16016.0,38.4,1536.0,27.6,14.1,91.5,23.0,2.6
1707902018,2017,1.7,10.8,15.5,1.0,71.0,2.4,28.4,24747.0,22750.0,52274.0,20247.0,41671.0,16141.0,39.1,1550.0,27.0,14.7,91.3,22.5,2.6
1707902018,2018,2.2,11.5,15.4,1.2,69.8,2.4,27.2,24991.0,23450.0,52921.0,20650.0,42147.0,16446.0,39.7,1547.0,28.9,15.1,91.6,22.3,2.5
1707902018,2019,2.3,11.5,14.5,1.4,70.3,2.5,27.2,26028.0,24150.0,56314.0,21948.0,43898.0,17109.0,39.8,1558.0,28.7,15.0,91.2,22.3,2.5
1707902018,2020,2.0,10.9,14.6,3.1,69.4,2.3,26.4,26687.0,24850.0,58277.0,22618.0,45569.0,17686.0,40.4,1576.0,27.0,15.2,91.7,21.6,2.6
1707902018,2021,2.2,11.0,15.3,1.7,69.8,2.4,26.8,26715.0,25550.0,59522.0,22767.0,46060.0,17618.0,40.2,1644.0,28.0,15.3,91.0,21.2,2.6
1707902018,2022,2.3,11.5,14.6,0.9,70.9,2.3,26.9,28063.0,26250.0,62632.0,24078.0,47855.0,18397.0,40.2,1713.0,27.3,14.8,89.7,20.8,2.6
1707902018,2023,2.4,11.9,14.1,0.8,70.8,2.3,28.3,29739.0,26950.0,67846.0,25547.0,51867.0,19530.0,39.9,1807.0,26.4,15.1,87.8,20.6,2.6
1707902019,2015,1.4,12.0,11.4,1.0,74.2,2.4,29.3,23787.0,22050.0,51156.0,19488.0,40547.0,15447.0,35.1,2515.0,25.6,8.5,91.8,25.7,2.6
1707902019,2016,1.5,13.0,10.4,1.0,74.1,2.4,28.8,24568.0,22750.0,52936.0,19951.0,41924.0,15801.0,35.5,2527.0,24.5,8.9,92.0,25.7,2.6
1707902019,2017,1.3,12.1,10.5,0.8,75.3,2.2,27.3,25075.0,23450.0,54759.0,20505.0,42838.0,16041.0,35.7,2570.0,24.3,9.1,92.0,25.8,2.6
1707902019,2018,2.1,12.5,11.3,1.0,73.2,2.3,28.3,25933.0,24150.0,57165.0,21181.0,44874.0,16627.0,36.4,2613.0,24.0,9.7,90.9,25.5,2.7
1707902019,2019,1.9,12.0,10.7,1.0,74.5,2.2,27.0,27409.0,24850.0,60034.0,22420.0,46405.0,17330.0,37.1,2601.0,23.6,10.2,91.7,24.5,2.7
1707902019,2020,2.3,11.9,10.7,2.9,72.2,2.3,27.3,27032.0,24850.0,59877.0,22451.0,46657.0,17494.0,37.5,2601.0,23.6,10.4,91.4,24.1,2.7
1707902019,2021,2.0,13.3,10.7,1.4,72.7,2.1,26.2,28366.0,26950.0,63451.0,23850.0,48846.0,18360.0,37.9,2591.0,23.8,10.7,91.9,23.6,2.7
1707902019,2022,2.0,13.7,11.8,1.0,71.4,2.2,26.5,28778.0,26950.0,64409.0,24651.0,49006.0,18756.0,38.6,2559.0,24.1,11.0,91.7,22.6,2.6
1707902019,2023,2.3,14.7,11.7,1.0,70.3,2.2,27.6,29747.0,27650.0,68396.0,25909.0,52145.0,19753.0,39.0,2619.0,24.6,11.5,90.8,21.9,2.6
1707902020,2015,1.3,26.1,16.5,0.8,55.3,2.9,37.9,28882.0,23450.0,70929.0,24682.0,53246.0,18528.0,40.1,1152.0,17.5,13.5,92.2,18.1,2.8
1707902020,2016,1.5,28.5,13.7,0.4,55.8,3.1,39.8,30381.0,24150.0,74945.0,26123.0,53900.0,18788.0,39.7,1179.0,17.7,13.7,91.4,19.3,2.9
1707902020,2017,1.9,27.1,12.9,0.6,57.6,3.1,38.8,30994.0,25550.0,76706.0,26703.0,56909.0,19811.0,40.1,1173.0,18.3,15.1,91.8,19.4,2.9
1707902020,2018,1.7,28.6,14.4,0.8,54.6,3.0,39.7,33248.0,26950.0,82348.0,29102.0,60655.0,21436.0,40.6,1169.0,20.4,16.2,90.8,19.0,2.8
1707902020,2019,1.3,40.8,12.7,0.4,44.8,3.2,40.3,42746.0,26950.0,106577.0,37446.0,78887.0,27717.0,41.1,1150.0,19.6,17.7,89.9,17.9,2.8
1707902020,2020,1.9,28.8,14.7,1.7,52.9,3.1,38.8,36182.0,27650.0,90974.0,31563.0,66767.0,23164.0,41.5,1172.0,20.2,17.9,90.1,18.0,2.8
1707902020,2021,2.0,22.7,13.9,0.9,60.6,2.8,36.8,36031.0,27650.0,95322.0,32918.0,67864.0,23436.0,42.0,1163.0,20.2,19.3,89.9,18.2,2.9
1707902020,2022,1.8,25.6,16.3,1.0,55.2,2.7,37.4,36454.0,28350.0,92073.0,32578.0,67097.0,23741.0,42.2,1184.0,21.2,20.5,88.8,17.7,2.8
1707902020,2023,1.9,26.4,17.1,0.7,53.8,2.7,36.2,38672.0,29750.0,98157.0,34703.0,71537.0,25291.0,42.7,1178.0,22.3,21.7,88.5,16.2,2.8
1707902021,2015,2.3,13.5,16.3,1.1,66.8,3.1,33.4,21037.0,19250.0,44412.0,17463.0,35512.0,13963.0,39.3,1574.0,32.0,14.0,83.7,21.3,2.5
1707902021,2016,2.7,12.9,15.9,1.0,67.5,3.0,33.3,22480.0,19950.0,47377.0,18630.0,38080.0,14974.0,40.4,1580.0,31.3,14.7,82.8,20.1,2.5
1707902021,2017,2.9,14.1,16.7,1.1,65.3,2.8,31.7,22229.0,20650.0,48016.0,19016.0,37101.0,14693.0,40.3,1578.0,32.0,15.5,82.9,20.6,2.5
1707902021,2018,2.9,12.8,18.0,0.9,65.4,3.1,32.0,22595.0,20650.0,48793.0,19043.0,38625.0,15074.0,40.7,1620.0,30.0,16.4,81.8,20.6,2.5
1707902021,2019,2.9,14.8,18.6,0.9,62.9,2.8,31.5,24530.0,21350.0,52174.0,20642.0,41383.0,16373.0,40.9,1625.0,31.8,17.2,81.0,20.5,2.5
1707902021,2020,3.1,11.0,19.9,3.0,63.0,2.7,30.9,23964.0,22050.0,50989.0,20447.0,40275.0,16151.0,41.7,1608.0,31.6,18.4,81.8,18.8,2.5
1707902021,2021,2.9,12.4,20.6,2.0,62.2,2.8,30.2,24668.0,23450.0,52180.0,21198.0,40723.0,16544.0,42.4,1558.0,34.7,19.3,81.2,18.6,2.4
1707902021,2022,2.7,12.3,21.0,0.9,63.1,2.4,28.7,25928.0,23450.0,56210.0,22513.0,43964.0,17608.0,42.8,1583.0,33.4,19.7,82.3,18.1,2.5
1707902021,2023,2.9,12.3,20.2,1.0,63.6,2.5,29.5,26810.0,23450.0,57857.0,23686.0,44816.0,18348.0,42.7,1659.0,36.5,20.4,83.1,19.2,2.4
1707902022,2015,2.2,8.0,6.5,2.4,80.9,2.8,31.5,17679.0,16450.0,35523.0,13972.0,29432.0,11576.0,32.0,1487.0,28.7,5.2,79.8,25.2,2.5
1707902022,2016,2.3,6.7,6.3,2.0,82.7,2.6,31.6,18295.0,16450.0,37099.0,14640.0,30533.0,12049.0,32.1,1507.0,29.8,5.2,79.2,25.7,2.5
1707902022,2017,2.2,8.0,6.4,2.1,81.3,2.7,31.1,18534.0,17150.0,38131.0,14673.0,31296.0,12043.0,32.3,1594.0,29.1,5.2,79.9,26.2,2.6
1707902022,2018,3.4,8.0,5.8,1.9,80.8,2.6,29.9,18828.0,17150.0,39152.0,14959.0,32001.0,12227.0,32.2,1647.0,26.9,5.6,79.4,27.0,2.6
1707902022,2019,3.6,7.5,6.3,1.7,80.9,2.4,29.5,20100.0,18550.0,41403.0,15974.0,33501.0,12925.0,33.1,1643.0,28.2,6.3,78.5,26.3,2.6
1707902022,2020,4.1,6.9,7.0,4.3,77.7,2.5,29.6,19748.0,18550.0,41372.0,15831.0,33684.0,12889.0,33.3,1687.0,26.8,6.1,77.1,26.5,2.6
1707902022,2021,3.5,8.6,7.3,2.3,78.3,2.3,28.4,21331.0,19950.0,45979.0,17195.0,36810.0,13766.0,33.7,1849.0,26.2,6.7,77.3,26.0,2.7
1707902022,2022,3.4,9.2,7.6,1.8,78.0,2.4,29.4,22320.0,20650.0,48317.0,18154.0,38417.0,14434.0,34.1,1919.0,29.5,7.4,78.3,25.0,2.6
1707902022,2023,3.3,8.3,7.6,1.4,79.4,2.6,30.0,22795.0,21700.0,51314.0,18971.0,40473.0,14963.0,34.5,1942.0,30.4,7.5,78.9,24.7,2.7
1707903001,2015,2.3,27.8,22.5,1.2,46.2,3.2,37.0,24048.0,20650.0,44064.0,20803.0,35402.0,16714.0,43.6,963.0,44.4,20.8,84.5,12.7,2.1
1707903001,2016,2.1,26.3,23.2,1.0,47.5,3.6,37.6,24754.0,20650.0,47139.0,21726.0,37399.0,17237.0,43.6,984.0,41.2,21.0,83.8,13.5,2.1
1707903001,2017,1.9,26.5,20.8,1.0,49.8,3.3,36.3,24927.0,20300.0,47906.0,22174.0,37826.0,17508.0,43.2,1008.0,42.9,20.6,83.6,14.1,2.1
1707903001,2018,2.3,26.2,21.1,0.9,49.6,3.0,37.0,27068.0,21350.0,53191.0,24039.0,41032.0,18543.0,42.5,1020.0,43.7,19.7,81.2,15.2,2.2
1707903001,2019,2.2,28.0,19.6,1.0,49.2,3.5,37.3,26782.0,21350.0,53969.0,23710.0,42043.0,18471.0,41.8,1079.0,40.8,18.7,79.2,16.0,2.2
1707903001,2020,2.5,23.5,19.3,3.2,51.5,3.5,36.9,26041.0,22050.0,51844.0,22824.0,40572.0,17861.0,41.7,1046.0,41.3,18.6,81.1,15.8,2.2
1707903001,2021,2.2,24.8,19.0,1.7,52.3,3.1,35.2,27673.0,24150.0,56826.0,25080.0,43242.0,19085.0,41.2,1082.0,40.1,18.7,79.3,17.0,2.2
1707903001,2022,2.3,23.1,17.7,0.9,55.9,2.9,35.3,28706.0,23450.0,57536.0,26119.0,40736.0,18493.0,40.9,1147.0,42.5,18.1,79.4,16.7,2.2
1707903001,2023,2.3,29.8,15.7,0.8,51.4,3.3,37.8,33181.0,24850.0,68809.0,30321.0,51988.0,22909.0,41.1,1209.0,42.0,18.0,77.2,16.1,2.2
1707903002,2015,1.3,24.9,18.9,1.0,54.0,3.1,35.7,24869.0,21350.0,47800.0,22358.0,36879.0,17250.0,43.1,1006.0,40.8,19.0,89.1,13.8,2.1
1707903002,2016,1.3,25.5,18.5,1.0,53.7,3.2,37.4,26453.0,21350.0,51550.0,23848.0,39935.0,18475.0,43.2,1009.0,40.7,20.1,88.6,14.6,2.1
1707903002,2017,1.5,24.7,18.5,0.8,54.5,2.9,34.1,27016.0,22750.0,52532.0,24372.0,40392.0,18740.0,43.5,999.0,41.2,21.2,88.8,14.4,2.1
1707903002,2018,1.6,23.4,18.7,0.6,55.7,3.2,34.3,27117.0,23450.0,54167.0,24675.0,41339.0,18831.0,43.2,1040.0,37.6,20.2,87.6,14.4,2.2
1707903002,2019,1.8,25.0,18.9,0.8,53.5,3.0,34.9,29337.0,24850.0,56913.0,26148.0,44016.0,20222.0,43.6,1050.0,38.4,20.8,86.9,13.4,2.2
1707903002,2020,2.3,24.5,19.9,2.8,50.6,2.8,33.9,29964.0,24500.0,57273.0,26607.0,43465.0,20192.0,43.7,1049.0,38.0,21.0,85.8,13.9,2.2
1707903002,2021,2.0,24.1,19.6,1.5,52.8,3.0,33.9,29566.0,26250.0,58306.0,27438.0,44503.0,20943.0,44.1,1020.0,39.6,21.8,84.2,12.9,2.1
1707903002,2022,1.8,26.4,19.2,0.9,51.8,3.1,35.0,30239.0,25550.0,59843.0,27884.0,45393.0,21151.0,43.6,1058.0,40.0,20.7,82.8,12.9,2.2
1707903002,2023,2.4,26.9,19.0,0.9,50.8,2.9,36.0,30565.0,25550.0,64431.0,28727.0,48423.0,21590.0,43.5,1043.0,40.3,20.9,82.7,12.9,2.2
1707903003,2015,2.0,20.9,15.3,1.2,60.6,3.4,36.2,21953.0,18550.0,44131.0,19017.0,34815.0,15003.0,39.9,2092.0,37.4,14.9,80.7,17.5,2.3
1707903003,2016,2.3,19.8,16.1,1.1,60.7,3.1,34.9,22883.0,19250.0,46087.0,19718.0,36647.0,15679.0,40.0,2146.0,35.9,15.0,81.6,17.8,2.3
1707903003,2017,2.4,21.6,14.6,1.1,60.3,3.0,35.0,23776.0,19950.0,47609.0,20533.0,37503.0,16174.0,40.3,2134.0,37.1,15.2,82.0,18.0,2.3
1707903003,2018,2.8,20.9,13.8,1.0,61.5,3.1,35.1,24165.0,20650.0,49029.0,20933.0,38682.0,16515.0,40.3,2223.0,37.7,14.8,80.8,17.4,2.3
1707903003,2019,3.0,21.5,13.7,1.1,60.7,3.2,34.1,25610.0,22050.0,52067.0,22150.0,40900.0,17399.0,40.0,2285.0,37.7,15.0,79.7,17.5,2.3
1707903003,2020,3.1,18.2,14.6,3.0,61.1,3.2,33.4,25589.0,22050.0,52523.0,22107.0,41408.0,17428.0,40.3,2347.0,37.3,14.7,79.4,16.8,2.4
1707903003,2021,3.1,20.2,13.5,1.9,61.3,3.0,34.0,26937.0,23450.0,55921.0,23663.0,43096.0,18236.0,40.4,2370.0,36.2,14.7,77.2,16.7,2.3
1707903003,2022,2.8,20.6,13.3,1.0,62.3,3.0,33.4,28365.0,24150.0,59240.0,25135.0,45049.0,19114.0,40.0,2474.0,35.1,14.2,77.7,16.7,2.3
1707903003,2023,2.6,20.0,12.8,1.0,63.6,3.1,33.8,29305.0,24850.0,62744.0,26319.0,47990.0,20130.0,39.8,2603.0,34.9,14.0,77.8,16.8,2.4
1707903004,2015,1.5,18.5,13.9,0.9,65.3,2.2,26.3,26842.0,24850.0,54373.0,22289.0,42755.0,17526.0,40.9,1093.0,29.7,15.3,93.3,20.6,2.4
1707903004,2016,1.7,16.9,14.9,0.7,65.9,2.4,28.9,27483.0,24850.0,56938.0,23071.0,44720.0,18120.0,40.9,1119.0,26.7,15.1,92.1,20.3,2.5
1707903004,2017,1.8,16.9,15.3,0.5,65.6,2.4,27.3,26597.0,24850.0,57262.0,22660.0,44666.0,17675.0,41.1,1126.0,26.1,15.6,92.0,20.1,2.5
1707903004,2018,2.1,16.1,15.5,0.6,65.8,2.3,26.4,27096.0,25900.0,58299.0,23237.0,45397.0,18094.0,41.2,1140.0,27.8,16.2,91.8,19.8,2.5
1707903004,2019,2.5,17.2,16.0,0.8,63.6,2.4,27.8,28407.0,26950.0,61471.0,24262.0,48043.0,18962.0,41.9,1141.0,28.0,16.9,91.6,18.8,2.5
1707903004,2020,2.3,18.0,15.8,2.1,61.8,2.4,27.5,29640.0,26950.0,64740.0,25540.0,50243.0,19821.0,42.1,1144.0,27.6,17.1,91.2,17.7,2.5
1707903004,2021,2.2,19.1,14.7,1.2,62.8,2.3,27.3,30164.0,29050.0,66601.0,26409.0,51267.0,20329.0,42.1,1159.0,27.3,17.2,90.2,16.4,2.5
1707903004,2022,2.4,20.1,16.4,0.6,60.5,2.4,27.4,32681.0,29400.0,71659.0,28962.0,53396.0,21581.0,42.6,1166.0,29.8,17.8,89.4,15.0,2.5
1707903004,2023,2.3,20.2,15.6,0.6,61.3,2.4,27.5,33467.0,31150.0,73480.0,29883.0,55782.0,22686.0,42.9,1192.0,30.6,17.7,89.0,14.5,2.4
1707903005,2015,1.5,19.4,14.5,1.0,63.6,2.4,30.0,28374.0,25550.0,61858.0,24366.0,48015.0,18913.0,39.3,1420.0,27.1,13.0,91.8,21.3,2.5
1707903005,2016,1.5,18.9,14.2,0.8,64.6,2.6,29.2,28561.0,26950.0,62806.0,24546.0,48439.0,18931.0,39.4,1447.0,27.0,13.3,91.0,21.4,2.6
1707903005,2017,1.4,18.9,15.0,0.7,63.9,2.4,29.2,29067.0,26250.0,64751.0,25518.0,49212.0,19394.0,40.0,1429.0,28.6,14.1,91.3,20.9,2.5
1707903005,2018,2.1,16.4,17.2,0.6,63.7,2.5,28.0,30434.0,28350.0,67845.0,26022.0,52477.0,20127.0,40.1,1454.0,26.5,14.7,91.6,20.7,2.6
1707903005,2019,2.1,16.9,16.9,0.8,63.3,2.4,28.5,31032.0,29050.0,68812.0,26824.0,52864.0,20607.0,40.5,1443.0,29.6,15.6,91.3,20.2,2.5
1707903005,2020,2.2,16.8,17.9,1.9,61.2,2.4,27.7,30761.0,29050.0,68732.0,26814.0,52903.0,20638.0,41.2,1401.0,29.4,16.1,92.0,19.8,2.5
1707903005,2021,2.4,17.8,18.1,1.1,60.8,2.3,27.3,31602.0,29050.0,69445.0,27867.0,52789.0,21184.0,41.6,1399.0,30.6,16.7,92.0,18.6,2.5
1707903005,2022,2.6,17.8,18.0,0.7,60.9,2.2,26.1,32801.0,30450.0,71244.0,28964.0,54402.0,22117.0,42.0,1381.0,30.6,16.7,91.9,16.9,2.4
1707903005,2023,2.3,17.8,18.3,0.6,61.0,2.2,26.5,33953.0,31150.0,75537.0,30411.0,56566.0,22773.0,42.5,1398.0,30.0,17.8,91.1,16.1,2.5
1707903006,2015,3.4,10.9,31.1,1.8,52.8,3.3,34.3,18692.0,17150.0,37856.0,14866.0,31973.0,12556.0,45.6,967.0,30.3,25.1,82.0,17.0,2.5
1707903006,2016,3.6,9.1,29.7,1.5,56.2,3.0,33.8,19463.0,18550.0,39851.0,15617.0,33398.0,13088.0,44.8,989.0,28.2,24.6,82.1,17.0,2.5
1707903006,2017,3.7,9.0,29.0,1.5,56.8,3.1,32.0,19745.0,18550.0,41563.0,15882.0,34653.0,13241.0,44.3,988.0,26.8,23.8,82.6,18.3,2.6
1707903006,2018,3.6,12.3,26.2,1.4,56.6,3.0,31.8,21643.0,19250.0,45949.0,17386.0,37720.0,14272.0,43.7,1025.0,26.9,23.6,81.8,18.9,2.7
1707903006,2019,3.8,11.2,26.5,1.1,57.4,2.9,32.4,21946.0,19950.0,47139.0,17525.0,38673.0,14378.0,43.5,1050.0,27.1,23.1,80.7,19.0,2.6
1707903006,2020,4.0,9.2,25.7,3.0,58.1,3.0,32.2,22849.0,20650.0,48451.0,18480.0,39717.0,15149.0,42.8,1061.0,28.4,21.0,81.5,19.0,2.6
1707903006,2021,3.3,9.7,23.5,1.6,61.9,2.8,31.3,25065.0,21350.0,54315.0,21051.0,43055.0,16687.0,43.3,1033.0,30.6,21.2,81.6,18.7,2.6
1707903006,2022,3.9,10.5,24.9,1.3,59.4,2.6,29.6,23916.0,21350.0,51585.0,19569.0,41718.0,15825.0,43.1,1052.0,28.2,20.7,80.7,18.4,2.6
1707903006,2023,4.6,12.0,22.6,1.1,59.7,2.9,30.8,24997.0,23450.0,56134.0,20681.0,44989.0,16575.0,42.4,1078.0,25.9,19.9,78.7,18.7,2.7
1707903007,2015,3.6,6.4,26.4,2.7,60.9,2.9,34.7,13581.0,11550.0,28610.0,10727.0,24658.0,9245.0,40.6,2341.0,26.9,17.7,64.5,17.9,2.6
1707903007,2016,4.0,6.3,25.0,2.8,62.0,3.1,35.3,14024.0,11550.0,29459.0,11114.0,25324.0,9554.0,40.7,2323.0,29.3,17.7,64.9,18.0,2.6
1707903007,2017,4.2,6.3,25.0,2.6,61.9,3.1,33.6,14436.0,12250.0,30379.0,11584.0,25993.0,9911.0,41.0,2315.0,29.9,17.5,63.9,17.5,2.6
1707903007,2018,4.2,5.9,23.4,2.0,64.5,2.8,33.4,14637.0,12250.0,31330.0,11722.0,26605.0,9955.0,40.5,2384.0,30.3,17.0,61.7,17.7,2.7
1707903007,2019,4.2,6.8,24.1,2.0,62.9,2.9,33.2,14984.0,12250.0,32878.0,12029.0,28016.0,10250.0,40.5,2439.0,29.7,17.1,60.8,18.3,2.7
1707903007,2020,4.3,5.6,23.6,5.1,61.4,2.9,33.1,15188.0,12950.0,33470.0,12225.0,28530.0,10421.0,40.6,2406.0,30.4,16.9,61.7,18.0,2.7
1707903007,2021,4.4,6.1,22.5,3.3,63.7,2.4,30.9,15869.0,13650.0,34897.0,12931.0,28836.0,10686.0,40.5,2368.0,29.6,16.9,62.1,18.3,2.7
1707903007,2022,4.2,5.8,22.2,2.5,65.4,2.5,29.3,17089.0,15050.0,37855.0,13924.0,31157.0,11460.0,40.7,2419.0,30.3,16.7,63.1,17.6,2.7
1707903007,2023,4.9,5.4,21.7,2.3,65.7,2.6,29.1,17724.0,15750.0,39439.0,14557.0,32409.0,11963.0,40.8,2470.0,31.7,16.6,64.6,17.1,2.7
1707903008,2015,2.5,7.8,17.1,3.2,69.5,3.0,34.4,15125.0,13650.0,32000.0,11905.0,27122.0,10090.0,37.5,3298.0,27.6,11.7,66.2,20.1,2.7
1707903008,2016,2.8,6.7,16.9,2.5,71.0,3.0,33.7,15228.0,13650.0,32809.0,11987.0,27724.0,10129.0,37.8,3321.0,28.4,12.0,65.6,20.2,2.7
1707903008,2017,2.9,6.4,16.9,2.2,71.6,2.8,32.2,15890.0,14350.0,33967.0,12653.0,28576.0,10645.0,38.2,3335.0,29.2,12.2,66.5,19.7,2.7
1707903008,2018,3.6,6.1,16.6,2.4,71.4,2.7,30.6,16301.0,14350.0,34985.0,12851.0,29515.0,10842.0,38.3,3423.0,29.4,12.0,65.1,19.2,2.7
1707903008,2019,3.3,6.1,16.3,2.1,72.2,3.0,32.1,16609.0,15050.0,36866.0,13177.0,31035.0,11093.0,38.7,3488.0,29.1,12.2,64.0,18.6,2.7
1707903008,2020,3.8,5.2,16.4,5.4,69.2,2.7,30.4,16968.0,15750.0,37036.0,13462.0,31181.0,11334.0,39.0,3530.0,28.5,12.7,65.5,18.2,2.7
1707903008,2021,3.5,6.1,18.6,3.4,68.5,2.7,29.9,18146.0,17150.0,38716.0,14460.0,32543.0,12155.0,39.9,1686.0,29.0,14.5,66.3,17.5,2.6
1707903008,2022,3.6,5.1,19.3,2.0,70.0,2.7,30.3,18960.0,17150.0,41607.0,15193.0,34447.0,12578.0,39.9,1744.0,27.6,15.0,68.1,17.7,2.7
1707903008,2023,4.0,5.4,19.8,1.9,68.9,2.5,28.7,19357.0,18550.0,43459.0,15553.0,36307.0,12993.0,40.4,1786.0,29.2,15.1,68.4,16.5,2.7
1707903009,2015,3.1,4.4,31.9,4.6,56.0,3.1,34.6,11511.0,10150.0,26163.0,8511.0,23141.0,7528.0,39.6,1496.0,22.5,17.5,62.5,20.5,3.0
1707903009,2016,3.6,3.7,29.8,3.8,59.1,2.9,33.4,12000.0,10500.0,27626.0,8821.0,24241.0,7740.0,38.8,1553.0,22.4,16.6,62.5,23.2,3.1
1707903009,2017,4.6,4.5,27.4,3.4,60.2,2.9,31.6,12159.0,10850.0,28457.0,8764.0,25135.0,7741.0,38.3,1609.0,20.6,16.5,60.7,23.6,3.2
1707903009,2018,4.6,4.9,25.2,3.6,61.6,2.7,30.4,12665.0,11550.0,29156.0,9204.0,25625.0,8090.0,39.0,1548.0,22.6,16.8,60.8,21.5,3.0
1707903009,2019,5.3,4.3,25.5,3.0,61.9,2.4,29.8,12782.0,11550.0,30409.0,9212.0,26839.0,8130.0,38.3,1625.0,21.3,15.4,58.1,22.4,3.2
1707903009,2020,6.0,3.6,24.8,6.7,58.9,2.7,30.5,12986.0,11550.0,30557.0,9395.0,26985.0,8297.0,38.8,1596.0,23.1,16.0,60.0,22.1,3.1
1707903009,2021,6.3,5.0,24.0,4.4,60.3,2.5,28.4,13727.0,12250.0,31618.0,9949.0,27926.0,8787.0,38.9,1584.0,23.0,15.5,60.5,22.3,3.1
1707903009,2022,6.7,5.3,23.0,2.6,62.4,2.4,26.7,14475.0,12950.0,34389.0,10468.0,30185.0,9188.0,38.5,1615.0,22.6,15.2,62.1,22.5,3.2
1707903009,2023,7.0,4.7,21.8,3.0,63.5,2.2,26.0,14949.0,13650.0,36503.0,10730.0,32142.0,9448.0,38.0,1679.0,22.1,14.4,61.5,22.8,3.3
1707903010,2015,3.1,8.2,18.0,2.5,68.2,3.2,35.5,15045.0,13650.0,33624.0,11775.0,28446.0,9962.0,37.5,1945.0,24.3,11.9,73.3,21.7,2.8
1707903010,2016,3.2,7.2,17.7,2.1,69.8,2.8,34.5,15875.0,14350.0,35284.0,12273.0,29633.0,10308.0,38.2,1951.0,23.1,13.0,74.3,21.4,2.8
1707903010,2017,3.6,6.6,18.6,2.1,69.1,3.0,33.4,16136.0,15050.0,36758.0,12581.0,30926.0,10585.0,38.2,1965.0,24.0,13.1,73.5,21.2,2.9
1707903010,2018,3.9,6.0,19.1,2.0,68.9,2.8,31.5,17017.0,15050.0,39325.0,13238.0,33062.0,11130.0,38.1,2028.0,23.1,12.8,71.8,20.3,2.9
1707903010,2019,4.0,6.4,17.5,2.0,70.1,2.6,31.3,17461.0,15750.0,39862.0,13569.0,33472.0,11394.0,37.9,2038.0,24.9,13.3,71.2,21.3,2.9
1707903010,2020,4.8,6.2,17.8,5.1,66.2,2.7,31.1,17808.0,15750.0,41235.0,13732.0,34652.0,11539.0,38.5,2080.0,24.0,13.4,69.9,20.4,3.0
1707903010,2021,4.4,7.1,18.8,2.8,67.0,2.7,29.6,18157.0,16450.0,41089.0,14084.0,34403.0,11792.0,38.7,2032.0,23.5,13.9,70.6,21.2,2.9
1707903010,2022,4.6,6.8,19.0,1.9,67.8,2.6,28.6,18814.0,17850.0,42515.0,14754.0,35473.0,12311.0,39.0,2007.0,23.8,14.1,72.9,20.8,2.8
1707903010,2023,5.2,6.9,17.5,1.7,68.7,2.3,27.3,19589.0,17850.0,45561.0,15397.0,37971.0,12832.0,39.0,2096.0,24.3,14.2,72.4,20.4,2.9
1707903011,2015,3.4,7.1,22.5,3.3,63.7,3.9,36.7,13461.0,12250.0,29431.0,10337.0,25411.0,8925.0,38.0,2995.0,26.2,13.7,68.2,22.2,2.8
1707903011,2016,3.8,6.2,21.7,3.2,65.1,3.4,35.2,13599.0,12250.0,29750.0,10411.0,25638.0,8972.0,38.2,3019.0,26.6,13.9,65.9,21.9,2.8
1707903011,2017,4.1,6.5,21.1,2.5,65.9,3.1,33.2,13983.0,12250.0,30925.0,10719.0,26535.0,9198.0,38.0,3099.0,26.6,13.6,64.2,22.3,2.8
1707903011,2018,4.4,5.9,20.7,2.5,66.5,3.2,32.7,14497.0,12950.0,32464.0,11128.0,27691.0,9492.0,37.8,3163.0,26.5,13.7,62.7,22.2,2.9
1707903011,2019,4.3,6.3,20.8,2.4,66.2,2.9,33.1,14988.0,13650.0,34037.0,11432.0,29143.0,9788.0,37.7,3284.0,25.9,13.9,62.7,22.0,2.9
1707903011,2020,4.7,5.7,20.7,6.3,62.7,2.6,31.8,14888.0,12950.0,34131.0,11387.0,29234.0,9754.0,38.1,3304.0,25.1,14.1,63.1,21.7,3.0
1707903011,2021,4.7,7.1,19.7,4.1,64.4,2.6,30.5,16036.0,14350.0,36331.0,12410.0,30928.0,10565.0,38.2,3297.0,26.0,13.9,62.9,22.2,2.9
1707903011,2022,4.6,6.7,19.8,2.5,66.5,2.6,29.6,16684.0,15050.0,38739.0,12959.0,32838.0,10985.0,38.3,3386.0,27.0,14.0,63.6,21.9,3.0
1707903011,2023,4.9,6.1,20.2,2.8,66.0,2.6,28.7,17399.0,16450.0,40755.0,13457.0,34624.0,11432.0,38.5,3369.0,25.9,14.4,64.7,21.4,3.0
1707903012,2015,4.0,6.0,21.6,3.4,65.1,3.8,36.8,12766.0,11550.0,29805.0,9499.0,25763.0,8211.0,37.0,2736.0,18.0,11.9,68.0,22.8,3.1
1707903012,2016,3.8,5.7,21.1,2.5,67.0,3.9,36.3,13250.0,11550.0,31163.0,9879.0,26880.0,8521.0,37.0,2743.0,18.6,12.0,67.6,22.8,3.1
1707903012,2017,4.3,5.6,20.8,2.3,67.1,3.1,32.6,13862.0,12250.0,33183.0,10303.0,28545.0,8863.0,37.3,2787.0,17.4,12.3,65.8,22.0,3.2
1707903012,2018,4.7,6.4,20.4,2.2,66.4,2.9,31.5,14535.0,12950.0,34534.0,10761.0,29624.0,9231.0,37.6,2843.0,18.4,12.7,64.7,22.1,3.2
1707903012,2019,4.5,6.9,20.7,2.5,65.5,2.9,31.4,15182.0,12950.0,36313.0,11379.0,31150.0,9761.0,38.6,2780.0,18.8,13.8,65.4,21.2,3.1
1707903012,2020,4.5,5.6,22.6,6.3,61.1,3.0,31.5,15344.0,13650.0,36403.0,11536.0,31295.0,9917.0,38.9,2791.0,18.9,14.4,66.6,20.8,3.1
1707903012,2021,4.7,6.3,22.2,4.1,62.8,2.6,29.4,16066.0,14700.0,37323.0,12191.0,31923.0,10427.0,39.3,2728.0,19.8,14.6,66.8,20.2,3.0
1707903012,2022,5.0,6.4,22.2,2.7,63.8,2.6,29.2,16707.0,15050.0,39602.0,12742.0,33709.0,10846.0,39.5,2773.0,20.3,15.0,68.6,19.7,3.1
1707903012,2023,5.0,7.0,20.9,2.8,64.3,2.6,28.5,17848.0,16450.0,43503.0,13694.0,36846.0,11598.0,40.2,2749.0,19.8,15.6,69.3,18.5,3.1
1707903013,2015,4.3,5.6,30.5,3.9,55.8,3.3,32.8,11901.0,11550.0,26566.0,8772.0,23596.0,7791.0,40.0,1702.0,22.3,17.2,67.0,20.9,3.0
1707903013,2016,4.7,5.4,29.4,4.0,56.5,3.1,31.8,12160.0,10850.0,27665.0,8932.0,24541.0,7924.0,40.3,1697.0,22.7,17.9,65.8,20.8,3.0
1707903013,2017,5.1,4.9,28.8,3.0,58.2,3.1,30.3,12516.0,11550.0,28342.0,9216.0,24983.0,8124.0,40.0,1748.0,23.7,18.4,66.0,21.6,3.0
1707903013,2018,5.6,4.9,28.1,2.5,58.9,2.6,29.6,13456.0,12250.0,30630.0,9826.0,26984.0,8657.0,39.3,1806.0,24.6,17.9,64.6,22.6,3.1
1707903013,2019,5.7,4.5,27.4,2.5,59.9,2.7,29.1,13849.0,12950.0,31593.0,10184.0,27845.0,8976.0,39.5,1781.0,23.3,17.7,63.5,22.0,3.1
1707903013,2020,6.5,4.2,28.4,6.1,54.8,2.7,28.9,14191.0,13650.0,31854.0,10450.0,28149.0,9235.0,40.2,1743.0,23.9,18.6,64.4,20.8,3.0
1707903013,2021,6.7,4.4,26.9,4.0,58.0,2.5,28.3,14630.0,13650.0,33496.0,10687.0,29500.0,9412.0,40.2,1797.0,23.8,18.4,64.9,21.8,3.1
1707903013,2022,7.4,4.2,25.1,3.1,60.3,2.4,27.4,15390.0,14350.0,35847.0,11249.0,31371.0,9844.0,39.8,1822.0,23.7,17.7,66.2,21.8,3.2
1707903013,2023,7.1,4.4,23.4,2.8,62.3,2.4,26.9,16424.0,15750.0,38276.0,12026.0,33492.0,10523.0,40.1,1859.0,23.3,17.5,66.2,20.8,3.1
1707903014,2015,3.5,5.8,19.5,3.4,67.9,3.7,36.3,12615.0,10850.0,28819.0,9436.0,24924.0,8160.0,37.0,2569.0,21.7,11.0,60.8,21.5,3.0
1707903014,2016,3.4,5.1,18.8,2.9,69.8,3.2,34.9,12904.0,11550.0,29542.0,9656.0,25529.0,8344.0,37.3,2523.0,21.6,11.6,61.7,21.6,3.0
1707903014,2017,4.1,5.4,19.9,2.4,68.2,3.2,34.0,13358.0,12250.0,30541.0,10038.0,26324.0,8652.0,37.3,2552.0,22.8,11.8,60.9,21.8,3.0
1707903014,2018,4.4,5.6,19.7,2.2,68.1,3.2,33.8,13303.0,12250.0,30893.0,10044.0,26596.0,8647.0,37.1,2652.0,21.5,12.4,59.2,22.0,3.0
1707903014,2019,4.4,5.6,19.0,2.5,68.5,2.9,33.8,13539.0,12250.0,32779.0,10207.0,28237.0,8792.0,37.0,2800.0,19.6,12.0,57.4,21.6,3.2
1707903014,2020,5.0,4.7,19.3,6.1,64.8,3.0,32.4,13545.0,12250.0,32829.0,10219.0,28326.0,8817.0,37.1,2865.0,19.7,12.0,57.6,21.5,3.2
1707903014,2021,5.4,5.5,18.5,4.3,66.3,2.8,31.4,14848.0,13650.0,34818.0,11175.0,29928.0,9606.0,37.5,2797.0,21.5,12.5,58.3,21.5,3.1
1707903014,2022,5.6,5.7,18.6,3.1,67.1,2.9,31.8,15211.0,13650.0,36861.0,11438.0,31552.0,9790.0,37.5,2896.0,21.0,12.9,59.3,21.3,3.2
1707903014,2023,6.1,5.7,17.8,2.5,67.9,2.6,30.0,16301.0,15050.0,39613.0,12251.0,33948.0,10499.0,37.7,2969.0,20.2,12.8,60.7,20.7,3.2
1707903015,2015,3.2,9.7,28.7,2.1,56.4,3.1,34.8,15650.0,13650.0,31642.0,12674.0,26944.0,10793.0,42.5,1840.0,30.9,21.4,69.0,15.7,2.5
1707903015,2016,3.2,9.3,28.6,1.8,57.1,2.8,33.6,15737.0,13650.0,32865.0,12712.0,27899.0,10791.0,42.0,1879.0,29.4,21.0,68.2,16.9,2.6
1707903015,2017,3.3,9.4,27.3,1.5,58.4,2.9,33.0,16349.0,14350.0,34436.0,13298.0,29133.0,11250.0,42.2,1919.0,30.3,20.8,67.8,15.9,2.6
1707903015,2018,3.4,10.2,27.8,1.5,57.1,2.9,32.8,16982.0,14350.0,36340.0,13591.0,30771.0,11508.0,41.7,1994.0,30.5,20.7,65.9,16.2,2.7
1707903015,2019,3.4,10.3,27.2,1.5,57.7,2.8,31.4,17675.0,15750.0,37006.0,14286.0,31339.0,12098.0,42.3,1913.0,32.2,21.5,66.0,16.5,2.6
1707903015,2020,4.0,7.3,29.0,4.8,54.8,3.0,32.2,16978.0,15050.0,36143.0,13729.0,30612.0,11628.0,42.0,1921.0,32.8,21.0,65.7,17.2,2.6
1707903015,2021,3.9,9.1,26.6,3.2,57.2,2.6,31.1,17943.0,15750.0,37554.0,14771.0,31381.0,12343.0,42.0,1922.0,33.8,20.9,66.5,16.9,2.5
1707903015,2022,3.9,7.8,26.2,2.1,60.1,2.8,30.5,18389.0,16450.0,38885.0,15053.0,32444.0,12560.0,41.8,1958.0,32.7,20.3,69.4,16.9,2.6
1707903015,2023,4.0,9.0,24.6,1.7,60.7,2.7,29.7,19255.0,17850.0,41935.0,15870.0,35021.0,13253.0,42.0,1983.0,33.1,20.7,69.4,16.2,2.6
1707903016,2015,3.3,7.6,25.6,2.0,61.6,3.5,33.4,17367.0,15750.0,38054.0,13829.0,31905.0,11595.0,41.9,1618.0,25.7,17.3,76.9,16.5,2.7
1707903016,2016,3.2,8.3,25.0,1.7,61.9,3.3,33.1,17713.0,15750.0,38627.0,14180.0,32467.0,11919.0,42.4,1615.0,25.5,18.3,75.8,16.4,2.7
1707903016,2017,3.1,8.2,26.6,1.8,60.3,2.8,31.5,17980.0,16450.0,39638.0,14316.0,33319.0,12034.0,42.2,1675.0,24.5,19.0,75.2,17.1,2.7
1707903016,2018,3.2,7.8,26.2,1.8,61.1,3.1,32.7,18468.0,16450.0,40658.0,14882.0,34049.0,12462.0,42.8,1643.0,26.5,19.7,73.9,16.1,2.7
1707903016,2019,3.2,7.3,27.1,1.8,60.7,2.9,31.1,19112.0,16450.0,42340.0,15327.0,35319.0,12786.0,42.4,1645.0,27.3,19.8,74.2,16.5,2.8
1707903016,2020,3.6,7.1,27.8,4.5,57.0,2.7,31.4,18961.0,17150.0,41905.0,15300.0,34959.0,12764.0,42.8,1608.0,26.8,20.5,74.7,16.7,2.7
1707903016,2021,3.8,8.1,27.9,2.5,57.9,2.6,30.4,19857.0,17850.0,43763.0,16062.0,36513.0,13401.0,43.0,1620.0,26.5,21.2,74.0,16.1,2.7
1707903016,2022,3.6,7.5,28.3,1.5,59.0,2.5,29.4,20439.0,18550.0,45725.0,16681.0,37993.0,13860.0,43.3,1625.0,27.0,21.4,73.6,15.6,2.7
1707903016,2023,4.0,7.9,27.2,1.7,59.3,2.5,30.2,21658.0,19250.0,48719.0,17908.0,40185.0,14771.0,43.8,1652.0,28.8,22.5,75.8,14.8,2.7
1707903017,2015,2.8,6.1,14.3,2.9,73.9,3.0,32.1,15631.0,13650.0,32835.0,12141.0,27853.0,10299.0,36.9,2049.0,26.6,10.3,75.5,22.6,2.7
1707903017,2016,2.8,7.3,15.1,2.6,72.2,2.8,32.6,15717.0,14350.0,33191.0,12224.0,28009.0,10315.0,37.4,2055.0,25.9,10.9,76.0,22.0,2.7
1707903017,2017,3.2,7.0,15.1,2.1,72.8,2.6,31.7,16233.0,14350.0,34349.0,12696.0,28904.0,10683.0,38.1,2072.0,26.8,11.3,75.5,20.9,2.7
1707903017,2018,3.3,7.4,14.2,2.4,72.8,2.9,30.8,16612.0,15050.0,35553.0,13019.0,29716.0,10882.0,38.2,2107.0,27.4,11.3,74.3,21.3,2.7
1707903017,2019,3.6,7.0,14.8,2.0,72.7,2.6,29.2,17308.0,15750.0,36932.0,13781.0,30958.0,11552.0,38.7,2064.0,29.2,11.6,74.0,20.4,2.6
1707903017,2020,4.1,6.2,15.6,5.0,69.1,2.6,29.0,17367.0,15750.0,38016.0,13898.0,31890.0,11659.0,39.7,2066.0,28.1,12.3,72.9,19.6,2.7
1707903017,2021,3.7,6.4,15.8,3.3,70.8,2.5,28.1,18384.0,16450.0,38863.0,14807.0,32466.0,12370.0,40.2,2065.0,30.7,12.6,74.3,18.7,2.6
1707903017,2022,3.8,6.7,15.8,2.2,71.5,2.4,26.8,19234.0,17150.0,40875.0,15573.0,34045.0,12971.0,40.3,2096.0,31.1,13.3,75.5,18.1,2.6
1707903017,2023,4.1,6.2,16.2,2.0,71.5,2.3,26.5,20174.0,18550.0,43642.0,16430.0,36155.0,13611.0,41.0,2094.0,31.9,13.9,75.9,17.4,2.6
1707903018,2015,3.2,6.3,13.3,3.1,74.1,2.9,31.6,14453.0,13650.0,32581.0,10901.0,27789.0,9297.0,34.7,1905.0,20.5,8.3,75.6,25.6,3.0
1707903018,2016,3.5,5.7,13.1,2.9,74.8,2.9,31.6,14311.0,13650.0,32363.0,10891.0,27588.0,9284.0,35.0,1994.0,22.1,8.2,74.0,24.9,3.0
1707903018,2017,3.8,5.6,13.3,2.2,75.1,2.7,30.0,15031.0,14350.0,33519.0,11400.0,28547.0,9709.0,35.0,2046.0,22.5,8.3,73.8,25.2,2.9
1707903018,2018,4.3,5.4,12.7,2.0,75.6,3.0,30.5,15444.0,15050.0,34154.0,11777.0,29089.0,10030.0,35.6,2026.0,24.0,9.1,73.1,24.5,2.9
1707903018,2019,4.2,5.0,13.2,1.9,75.7,2.8,29.1,16134.0,15750.0,36082.0,12435.0,30639.0,10560.0,36.3,2062.0,24.4,9.2,71.5,22.7,2.9
1707903018,2020,4.1,5.0,13.3,6.1,71.6,2.9,29.8,16143.0,15750.0,35985.0,12539.0,30363.0,10580.0,37.1,2011.0,23.9,10.0,72.3,22.1,2.8
1707903018,2021,4.5,5.6,13.6,3.9,72.4,2.7,29.0,16737.0,15750.0,37874.0,13126.0,31842.0,11036.0,37.0,2092.0,23.1,9.7,71.6,21.6,2.9
1707903018,2022,4.3,5.9,13.4,2.4,74.1,2.6,28.8,17654.0,17150.0,40175.0,13742.0,33607.0,11495.0,37.4,2107.0,24.5,9.9,72.9,20.2,2.8
1707903018,2023,4.4,6.8,13.2,2.1,73.5,2.3,26.3,19089.0,17850.0,44005.0,15107.0,36601.0,12565.0,38.2,2159.0,24.7,10.5,74.3,19.0,2.8
1707903019,2015,2.3,13.4,11.8,1.1,71.5,2.5,30.4,22882.0,21350.0,48089.0,19119.0,38509.0,15310.0,37.6,1574.0,28.3,10.7,90.7,22.0,2.5
1707903019,2016,2.4,13.1,12.4,1.1,71.0,2.5,29.7,22829.0,21350.0,48326.0,19122.0,36343.0,14380.0,37.5,1588.0,28.4,10.7,89.6,22.8,2.5
1707903019,2017,2.6,11.4,13.0,0.8,72.3,2.5,28.9,23367.0,22050.0,50150.0,19568.0,39940.0,15584.0,37.8,1641.0,28.0,11.4,90.3,22.4,2.6
1707903019,2018,2.5,12.4,13.8,0.9,70.4,2.4,28.4,24317.0,22750.0,52748.0,20851.0,41619.0,16452.0,38.5,1626.0,29.2,12.4,90.0,21.0,2.5
1707903019,2019,2.4,14.6,13.6,1.1,68.4,2.5,28.7,25689.0,24150.0,55872.0,22150.0,43892.0,17400.0,39.0,1641.0,28.0,12.6,89.4,20.2,2.5
1707903019,2020,2.8,13.1,14.3,2.9,66.9,2.4,29.2,26519.0,24150.0,56747.0,22855.0,44728.0,18014.0,39.5,1614.0,29.6,12.8,90.2,19.2,2.5
1707903019,2021,3.0,12.2,15.3,1.8,67.8,2.5,28.2,27165.0,25550.0,58050.0,23351.0,45573.0,18332.0,40.2,1606.0,29.8,14.5,90.6,18.3,2.5
1707903019,2022,2.5,12.2,15.6,1.1,68.6,2.5,28.4,28337.0,25550.0,61022.0,24562.0,47454.0,19100.0,40.4,1611.0,30.5,15.0,90.6,18.3,2.5
1707903019,2023,2.6,12.5,16.3,1.0,67.6,2.3,27.2,29065.0,27650.0,62969.0,25622.0,48856.0,19879.0,41.0,1623.0,32.8,15.3,90.1,17.1,2.4
1707903020,2015,2.1,13.1,17.4,1.5,65.9,2.9,32.2,23305.0,21350.0,50522.0,19358.0,40390.0,15475.0,39.6,1360.0,28.3,13.0,84.6,18.5,2.6
1707903020,2016,2.2,13.0,18.0,1.2,65.6,3.1,31.7,23313.0,22050.0,50682.0,19361.0,40492.0,15469.0,40.0,1383.0,29.3,14.2,83.5,17.8,2.6
1707903020,2017,2.7,12.7,19.0,1.0,64.6,3.0,31.9,24114.0,22050.0,52457.0,20381.0,41543.0,16141.0,40.8,1388.0,28.7,15.4,83.7,17.1,2.5
1707903020,2018,2.8,11.9,19.7,0.8,64.8,2.9,31.7,25023.0,22050.0,55369.0,21159.0,43954.0,16797.0,41.6,1383.0,28.9,15.8,82.5,16.6,2.6
1707903020,2019,3.1,13.6,19.1,0.9,63.3,2.9,31.4,27105.0,23450.0,59595.0,22651.0,47352.0,17998.0,41.6,1434.0,28.8,17.1,82.9,17.0,2.6
1707903020,2020,3.0,10.7,20.7,3.0,62.7,2.7,30.6,26740.0,23450.0,58668.0,22607.0,46243.0,17819.0,42.3,1387.0,28.6,18.5,83.8,16.0,2.6
1707903020,2021,3.2,12.0,20.7,1.9,62.2,2.5,29.3,27469.0,24150.0,59573.0,23436.0,46900.0,18450.0,42.7,1328.0,30.1,18.9,82.4,16.1,2.5
1707903020,2022,3.0,12.7,19.6,1.1,63.7,2.5,28.8,29168.0,25550.0,63849.0,25167.0,49781.0,19622.0,42.7,1359.0,30.2,19.4,86.0,15.6,2.5
1707903020,2023,2.6,12.4,19.3,1.2,64.5,2.7,29.7,29714.0,26250.0,64638.0,25951.0,50160.0,20138.0,42.9,1363.0,30.5,19.7,86.4,15.0,2.5
1707903021,2021,4.3,5.8,14.5,3.4,72.1,2.7,29.8,18163.0,16450.0,40454.0,14482.0,33637.0,12042.0,38.4,1776.0,29.0,11.7,65.9,19.3,2.8
1707903021,2022,4.4,5.7,14.6,2.2,73.1,2.4,30.1,19033.0,17150.0,42245.0,15388.0,34937.0,12726.0,38.5,1776.0,29.3,11.8,68.2,19.5,2.7
1707903021,2023,4.4,7.1,13.5,2.3,72.8,2.7,30.2,19347.0,17150.0,45748.0,15623.0,37640.0,12854.0,38.5,1884.0,27.4,11.5,66.8,18.2,2.9
1707904001,2015,1.3,24.6,12.7,1.7,59.7,3.9,40.6,19189.0,15750.0,35873.0,16771.0,28724.0,13429.0,39.0,968.0,47.7,11.5,66.1,13.9,2.1
1707904001,2016,1.2,23.3,10.1,1.8,63.6,3.5,40.1,21645.0,17150.0,39689.0,18902.0,31002.0,14764.0,39.6,965.0,46.0,11.9,66.4,13.9,2.1
1707904001,2017,1.7,24.2,12.8,1.9,59.4,3.1,37.6,21463.0,17150.0,40355.0,19056.0,32136.0,15175.0,39.2,971.0,47.1,11.2,61.9,14.7,2.0
1707904001,2018,1.8,24.9,10.7,1.6,61.0,3.2,38.9,22000.0,17850.0,40698.0,19494.0,32420.0,15529.0,39.6,961.0,44.7,10.7,51.8,13.2,2.0
1707904001,2019,2.1,22.1,9.9,1.8,64.2,3.1,37.8,22458.0,18550.0,42712.0,19747.0,34056.0,15745.0,39.0,982.0,43.6,10.4,45.1,14.7,2.1
1707904001,2020,2.2,22.0,10.4,4.7,60.6,3.4,37.0,22136.0,17850.0,41873.0,19766.0,33175.0,15660.0,39.3,982.0,44.1,10.4,61.0,14.0,2.1
1707904001,2021,1.9,24.1,10.2,2.8,61.0,2.9,36.1,23323.0,18550.0,43349.0,20806.0,33710.0,16180.0,39.2,1027.0,44.2,10.8,61.5,13.7,2.1
1707904001,2022,1.6,24.8,9.6,1.7,62.4,3.0,35.4,23703.0,19250.0,46001.0,21840.0,35055.0,16643.0,38.9,1046.0,44.1,11.0,69.2,13.7,2.1
1707904001,2023,1.6,25.1,9.8,1.7,61.8,2.9,36.0,25336.0,19950.0,51678.0,24210.0,38616.0,18091.0,39.4,1081.0,42.9,11.6,67.5,13.5,2.1
1707904002,2015,2.4,13.8,13.9,2.1,67.9,3.0,35.8,18227.0,15750.0,35614.0,14895.0,29115.0,12177.0,38.6,861.0,38.9,11.8,86.7,19.6,2.3
1707904002,2016,3.0,14.3,14.1,2.2,66.4,3.2,37.5,17621.0,14350.0,34937.0,14650.0,28713.0,12040.0,38.5,849.0,36.6,12.6,87.8,20.3,2.3
1707904002,2017,2.7,15.1,14.0,2.2,66.0,2.7,36.8,18769.0,15050.0,38184.0,16065.0,30590.0,12870.0,39.6,827.0,34.9,13.4,87.7,18.0,2.3
1707904002,2018,2.9,14.9,13.4,2.2,66.7,2.7,36.9,20139.0,16450.0,39320.0,17196.0,31901.0,13952.0,40.7,801.0,36.5,13.4,85.7,16.9,2.2
1707904002,2019,2.8,17.0,14.4,1.7,64.2,2.9,37.1,20264.0,16450.0,40075.0,17582.0,32086.0,14077.0,41.3,822.0,39.7,14.0,83.5,16.3,2.2
1707904002,2020,3.6,17.2,14.6,4.2,60.4,3.4,39.3,20506.0,16450.0,42371.0,18049.0,33788.0,14393.0,40.7,844.0,36.5,14.2,83.4,17.3,2.3
1707904002,2021,3.3,18.4,13.0,2.8,62.6,3.3,38.9,20804.0,16450.0,42801.0,17883.0,34255.0,14312.0,40.6,919.0,35.2,14.3,77.4,16.2,2.4
1707904002,2022,3.9,16.7,14.0,1.8,63.7,2.7,36.0,22223.0,18550.0,45747.0,18787.0,36582.0,15023.0,40.5,985.0,36.7,14.1,76.2,16.1,2.4
1707904002,2023,3.6,15.0,13.1,1.8,66.5,2.9,34.7,23131.0,19250.0,48663.0,20750.0,38068.0,16232.0,40.6,926.0,36.8,14.5,77.4,16.3,2.3
1707905001,2015,1.3,25.6,14.6,0.9,57.7,2.6,30.9,31297.0,26250.0,80652.0,27069.0,43873.0,14725.0,41.9,1461.0,12.4,15.7,96.3,19.4,3.0
1707905001,2016,1.3,28.1,15.5,0.5,54.7,2.6,31.7,33684.0,26950.0,85625.0,29268.0,63628.0,21749.0,42.2,1453.0,13.3,16.8,96.4,18.7,2.9
1707905001,2017,1.3,23.5,18.3,0.5,56.5,2.5,31.8,33682.0,29050.0,83870.0,29003.0,62763.0,21704.0,42.9,1452.0,14.2,19.0,96.5,18.1,2.9
1707905001,2018,1.5,21.7,18.2,0.4,58.2,2.7,32.4,32808.0,29050.0,82498.0,28171.0,61575.0,21027.0,43.0,1474.0,15.5,19.5,94.9,18.9,2.9
1707905001,2019,1.5,24.0,17.8,0.4,56.3,2.6,31.5,34472.0,30450.0,85560.0,29801.0,63404.0,22084.0,43.8,1451.0,16.3,21.1,95.3,18.1,2.9
1707905001,2020,1.9,23.7,19.7,1.6,53.2,2.5,31.9,35986.0,30450.0,88498.0,31114.0,66597.0,23414.0,44.2,1441.0,16.4,22.6,94.7,17.6,2.9
1707905001,2021,1.6,23.5,19.3,0.8,54.8,2.5,32.2,38274.0,32550.0,94460.0,33917.0,67942.0,24396.0,44.7,1425.0,18.3,23.6,94.9,17.1,2.8
1707905001,2022,1.7,23.6,20.2,0.4,54.2,2.3,31.5,39493.0,33950.0,99273.0,35000.0,72282.0,25484.0,44.8,1418.0,16.5,24.6,94.6,17.1,2.8
1707905001,2023,1.8,27.6,18.5,0.3,51.7,2.6,34.0,43994.0,36050.0,109533.0,39874.0,79088.0,28791.0,45.4,1399.0,17.4,26.2,93.6,16.7,2.7
1707905002,2015,3.9,7.5,27.5,2.8,58.3,3.1,33.0,14321.0,13650.0,26743.0,11461.0,23078.0,9891.0,42.6,903.0,37.3,20.3,75.2,16.5,2.3
1707905002,2016,3.9,8.8,26.1,2.1,59.2,3.1,33.3,14344.0,12950.0,27806.0,11623.0,23734.0,9921.0,42.3,892.0,35.3,19.7,76.4,17.7,2.3
1707905002,2017,4.8,8.2,24.0,2.0,60.9,2.7,31.3,15477.0,13650.0,29900.0,12458.0,25512.0,10630.0,42.1,900.0,35.6,19.2,76.0,18.1,2.4
1707905002,2018,4.7,10.5,21.7,1.6,61.5,2.6,31.2,16341.0,15050.0,31887.0,13227.0,27082.0,11234.0,42.2,919.0,38.1,18.7,72.9,16.8,2.4
1707905002,2019,4.3,9.6,21.5,1.8,62.9,2.8,30.7,16876.0,15050.0,32884.0,13730.0,27882.0,11641.0,42.3,890.0,38.4,18.9,72.9,16.5,2.3
1707905002,2020,4.7,6.6,19.9,5.2,63.7,2.8,31.6,17291.0,15750.0,33162.0,14229.0,27986.0,12008.0,41.9,880.0,39.3,17.6,73.1,16.6,2.3
1707905002,2021,5.5,9.1,18.7,3.4,63.4,2.7,30.4,18293.0,16450.0,35292.0,14893.0,29655.0,12514.0,42.0,918.0,38.3,17.2,71.5,16.5,2.3
1707905002,2022,4.9,9.0,19.1,1.9,65.1,2.6,30.8,19052.0,17150.0,37679.0,15663.0,31349.0,13032.0,41.0,954.0,36.9,16.4,71.2,17.1,2.4
1707905002,2023,5.3,8.1,18.6,1.6,66.4,2.4,28.7,19939.0,17150.0,39830.0,16515.0,33286.0,13801.0,41.0,972.0,35.9,15.8,71.9,15.8,2.4
1707905003,2015,3.2,9.0,20.1,3.4,64.2,3.2,32.1,14824.0,13650.0,30423.0,11559.0,26042.0,9894.0,38.5,1819.0,26.8,13.4,79.9,21.0,2.6
1707905003,2016,3.4,9.4,20.5,3.1,63.6,2.9,32.0,15180.0,14350.0,31517.0,11911.0,26876.0,10157.0,39.1,1813.0,25.8,13.9,79.6,20.8,2.6
1707905003,2017,3.8,7.9,20.4,2.4,65.5,2.7,30.0,15760.0,14350.0,31890.0,12450.0,27177.0,10610.0,39.3,1795.0,27.7,14.2,78.8,20.9,2.6
1707905003,2018,4.4,7.6,19.5,2.1,66.4,2.7,29.6,15857.0,15050.0,33404.0,12418.0,28372.0,10547.0,38.8,1919.0,28.0,13.7,76.0,21.0,2.7
1707905003,2019,4.1,7.0,20.2,2.2,66.5,2.7,28.7,16698.0,15750.0,35209.0,13238.0,29890.0,11238.0,39.5,1897.0,27.1,14.1,75.4,20.2,2.6
1707905003,2020,4.5,8.8,20.1,5.5,61.1,2.7,28.0,17108.0,16450.0,35705.0,13592.0,30298.0,11534.0,39.9,1889.0,26.0,14.8,76.2,20.1,2.6
1707905003,2021,5.0,8.1,21.0,3.3,62.7,2.7,29.2,17259.0,16450.0,36438.0,13726.0,30825.0,11612.0,39.9,1906.0,25.6,15.3,76.2,20.6,2.6
1707905003,2022,4.9,8.3,20.9,2.2,63.8,2.4,28.0,17930.0,17150.0,37376.0,14325.0,31615.0,12117.0,39.8,1902.0,27.5,15.5,77.9,20.5,2.6
1707905003,2023,5.5,8.4,20.6,1.8,63.8,2.3,26.6,19340.0,17850.0,40332.0,15553.0,34125.0,13160.0,40.6,1901.0,28.6,16.5,78.2,18.9,2.6
1707905004,2015,2.3,13.9,22.5,1.3,60.0,2.4,29.0,21046.0,18550.0,43555.0,16428.0,36221.0,13662.0,42.0,875.0,28.8,20.8,91.5,19.3,2.7
1707905004,2016,2.2,14.8,20.8,1.4,60.8,2.4,27.9,21401.0,19250.0,43858.0,16869.0,36142.0,13901.0,41.9,850.0,32.8,20.1,91.2,19.2,2.6
1707905004,2017,1.8,14.2,21.6,0.9,61.5,2.4,27.6,21712.0,19950.0,44959.0,17150.0,36518.0,13931.0,42.2,842.0,31.0,20.0,89.3,19.5,2.6
1707905004,2018,2.2,15.8,21.1,1.3,59.7,2.5,27.8,22937.0,20650.0,46996.0,18144.0,38379.0,14817.0,42.8,849.0,30.8,20.7,89.6,19.2,2.5
1707905004,2019,2.5,16.1,21.0,1.3,59.1,2.4,28.3,23958.0,21350.0,48769.0,18779.0,39804.0,15327.0,42.5,856.0,30.3,20.3,89.4,20.4,2.5
1707905004,2020,2.9,15.4,20.5,3.5,57.7,2.3,28.3,24199.0,21350.0,50292.0,19252.0,40887.0,15652.0,42.7,852.0,30.1,20.1,88.9,20.7,2.6
1707905004,2021,2.5,16.6,19.6,2.1,59.2,2.3,27.3,25973.0,23450.0,54962.0,20819.0,44064.0,16691.0,43.4,864.0,30.6,20.5,88.1,19.2,2.6
1707905004,2022,2.3,15.9,20.5,1.1,60.3,2.4,29.7,26971.0,24150.0,57488.0,21690.0,45059.0,17000.0,43.9,872.0,29.0,20.8,88.5,18.1,2.6
1707905004,2023,2.3,17.6,20.0,0.9,59.3,2.3,28.7,28687.0,25550.0,63533.0,23853.0,50283.0,18878.0,43.7,876.0,28.0,20.0,86.8,18.6,2.6
1707905005,2015,4.6,14.3,26.6,3.0,51.4,3.4,34.8,14398.0,12250.0,30238.0,10983.0,25885.0,9402.0,42.1,1117.0,28.1,22.6,79.5,20.6,2.7
1707905005,2016,4.9,14.1,26.2,3.2,51.6,3.8,37.6,14140.0,11550.0,30659.0,10827.0,26259.0,9273.0,41.5,1122.0,28.6,21.3,79.3,22.0,2.8
1707905005,2017,6.3,9.9,25.9,2.4,55.6,3.1,34.2,14093.0,11550.0,30555.0,10814.0,26220.0,9280.0,41.7,1129.0,28.1,21.4,78.7,21.7,2.8
1707905005,2018,6.2,10.2,25.2,2.3,56.1,3.3,33.8,14615.0,12950.0,31929.0,11114.0,27455.0,9557.0,41.6,1154.0,28.6,20.6,76.2,20.5,2.8
1707905005,2019,6.0,9.9,23.7,2.5,57.9,3.4,33.8,15355.0,13650.0,34403.0,11628.0,29671.0,10029.0,41.2,1187.0,27.1,19.6,75.1,21.4,2.9
1707905005,2020,6.7,9.9,24.0,6.0,53.4,3.1,33.7,15672.0,12950.0,34594.0,12003.0,29765.0,10328.0,41.4,1176.0,27.1,19.5,75.5,21.0,2.9
1707905005,2021,7.2,9.9,22.4,2.9,57.7,2.7,32.5,16413.0,13650.0,36247.0,12659.0,30968.0,10816.0,41.6,1186.0,28.3,19.3,75.3,20.4,2.8
1707905005,2022,6.4,12.2,21.3,2.2,58.0,2.8,32.3,17773.0,15050.0,39810.0,13889.0,33506.0,11689.0,41.1,1194.0,26.3,18.4,76.4,20.5,2.8
1707905005,2023,6.3,10.3,21.6,2.3,59.6,2.8,31.2,18751.0,16450.0,42676.0,14629.0,35849.0,12288.0,41.4,1186.0,26.6,18.7,77.4,20.1,2.8
1707905006,2015,1.6,13.2,9.6,1.2,74.4,2.4,27.2,23903.0,22050.0,55142.0,19169.0,43822.0,15234.0,35.8,1340.0,16.9,6.8,91.8,25.4,2.9
1707905006,2016,1.8,13.6,10.0,1.2,73.4,2.3,27.3,24475.0,22750.0,57588.0,19546.0,45528.0,15452.0,36.2,1378.0,14.7,8.0,91.0,25.1,2.9
1707905006,2017,1.5,14.7,10.2,1.0,72.7,2.2,26.9,27107.0,23450.0,63406.0,22073.0,49407.0,17199.0,37.1,1354.0,15.8,8.6,91.4,23.9,2.8
1707905006,2018,2.1,13.1,10.7,0.9,73.2,2.1,26.4,27024.0,24150.0,64066.0,22229.0,49397.0,17139.0,37.7,1322.0,16.4,9.3,91.5,23.8,2.9
1707905006,2019,1.8,15.3,11.4,1.3,70.2,2.2,26.8,28971.0,24850.0,69018.0,24341.0,52371.0,18470.0,38.5,1335.0,16.7,10.6,91.1,22.4,2.8
1707905006,2020,2.1,10.7,12.2,3.2,71.8,2.1,25.4,28101.0,24850.0,65116.0,23778.0,49957.0,18243.0,39.8,1258.0,17.8,11.4,91.4,20.5,2.7
1707905006,2021,1.7,12.9,12.5,1.6,71.3,2.1,26.8,29868.0,26250.0,69570.0,26026.0,52417.0,19609.0,40.7,1249.0,21.3,12.9,92.8,19.3,2.7
1707905006,2022,2.2,13.4,13.5,0.9,70.1,2.1,26.3,30282.0,26950.0,70080.0,26308.0,52141.0,19573.0,40.9,1280.0,20.8,13.8,92.5,19.1,2.7
1707905006,2023,2.1,13.9,15.5,0.7,67.8,2.1,26.0,31091.0,28350.0,75051.0,28648.0,54474.0,20794.0,41.5,1273.0,22.5,15.6,91.2,18.6,2.6
1707906001,2015,2.5,6.1,17.2,2.2,72.1,2.1,26.5,19187.0,17850.0,41942.0,14925.0,34782.0,12377.0,38.5,2029.0,19.4,11.7,93.0,23.5,2.8
1707906001,2016,2.7,5.4,17.4,1.8,72.8,2.2,25.8,19378.0,18550.0,42842.0,15246.0,35423.0,12606.0,39.2,2001.0,19.8,12.6,92.6,22.7,2.8
1707906001,2017,2.6,5.9,18.2,1.4,71.8,2.3,26.1,19980.0,19250.0,43908.0,15824.0,36278.0,13075.0,40.1,1979.0,20.1,13.6,91.9,21.7,2.7
1707906001,2018,3.0,6.2,18.1,1.3,71.4,2.3,25.1,20717.0,19950.0,45273.0,16531.0,37316.0,13625.0,40.6,2001.0,21.1,13.9,90.6,21.1,2.7
1707906001,2019,3.1,6.6,18.8,1.4,70.2,2.1,24.5,21806.0,20650.0,47669.0,17369.0,39238.0,14297.0,41.3,2008.0,19.6,14.6,88.7,19.9,2.7
1707906001,2020,3.7,6.2,20.5,3.6,66.1,2.1,24.9,22119.0,21350.0,48326.0,17836.0,39656.0,14636.0,42.0,1987.0,21.1,15.8,90.6,18.6,2.7
1707906001,2021,3.7,7.0,19.7,2.2,67.5,2.1,24.2,22923.0,21350.0,49150.0,18653.0,40269.0,15283.0,42.5,1964.0,22.7,16.7,90.6,18.0,2.6
1707906001,2022,3.5,7.7,20.4,1.6,66.9,2.1,23.9,23765.0,22750.0,51340.0,19487.0,41719.0,15835.0,43.0,1956.0,22.7,17.5,93.0,17.2,2.6
1707906001,2023,3.7,7.7,21.0,1.2,66.5,2.0,24.3,25428.0,24150.0,54947.0,21085.0,44591.0,17111.0,43.4,1930.0,21.6,18.3,93.1,16.2,2.6
1707906002,2015,4.2,8.3,17.7,2.2,67.7,2.3,28.7,17013.0,16450.0,36111.0,12623.0,30824.0,10775.0,37.5,2549.0,19.2,14.0,87.5,24.6,2.8
1707906002,2016,4.4,8.4,17.3,1.9,68.1,2.4,27.8,17504.0,16450.0,37494.0,13136.0,31905.0,11177.0,37.9,2501.0,20.4,14.3,88.1,24.4,2.8
1707906002,2017,4.5,9.0,17.0,1.7,67.7,2.4,27.3,18143.0,17150.0,39170.0,13721.0,33082.0,11589.0,38.3,2528.0,19.7,14.5,88.0,24.7,2.8
1707906002,2018,4.9,7.5,16.3,1.8,69.5,2.2,25.6,18691.0,17850.0,40320.0,14286.0,33975.0,12038.0,38.7,2626.0,19.4,14.6,87.4,24.0,2.8
1707906002,2019,4.4,7.5,16.0,1.9,70.2,2.1,25.1,19677.0,19250.0,42322.0,15213.0,35536.0,12774.0,39.1,2636.0,20.3,14.9,86.5,23.0,2.8
1707906002,2020,4.7,6.7,16.4,4.8,67.3,2.2,25.4,19979.0,19250.0,42658.0,15530.0,35760.0,13018.0,39.8,2609.0,22.9,15.5,87.0,22.0,2.7
1707906002,2021,4.9,7.4,16.5,3.1,68.1,2.1,24.9,20767.0,19950.0,43755.0,16391.0,36404.0,13638.0,40.1,2603.0,24.3,15.6,87.7,21.9,2.6
1707906002,2022,4.5,7.6,17.1,1.7,69.2,2.2,24.8,21790.0,20650.0,45932.0,17448.0,37840.0,14374.0,40.1,2589.0,23.8,15.3,88.6,21.9,2.6
1707906002,2023,4.6,7.7,17.1,2.0,68.6,2.2,24.7,22782.0,21350.0,49225.0,18328.0,40619.0,15124.0,40.1,2660.0,24.4,15.3,88.1,21.3,2.7
1707906003,2015,3.7,8.1,19.7,2.3,66.3,2.2,25.8,16762.0,15750.0,35029.0,12877.0,29925.0,11000.0,40.2,1933.0,21.9,14.2,94.4,21.0,2.7
1707906003,2016,3.6,7.4,19.2,1.8,68.0,2.2,25.8,17518.0,16450.0,36764.0,13476.0,31341.0,11488.0,40.6,1943.0,22.0,14.5,93.7,20.4,2.7
1707906003,2017,3.3,8.0,19.1,1.7,68.0,2.2,23.9,18468.0,17150.0,39050.0,14255.0,33070.0,12072.0,40.5,1976.0,21.7,14.8,93.4,20.4,2.7
1707906003,2018,3.7,7.8,18.9,2.0,67.7,2.0,23.2,18894.0,17850.0,39750.0,14665.0,33685.0,12427.0,41.0,1990.0,21.6,15.5,92.8,19.1,2.7
1707906003,2019,3.6,7.3,19.6,1.7,67.8,2.1,24.2,19542.0,18550.0,41556.0,15300.0,35010.0,12890.0,41.3,2011.0,21.1,16.4,92.8,18.7,2.7
1707906003,2020,3.9,6.5,20.4,4.6,64.6,2.1,24.1,19334.0,18550.0,41822.0,15116.0,35326.0,12768.0,41.4,2032.0,22.2,16.0,91.7,18.4,2.8
1707906003,2021,3.9,6.9,20.4,2.4,66.5,2.0,23.4,20212.0,19250.0,43442.0,15791.0,36429.0,13242.0,41.7,2026.0,21.1,16.5,90.4,18.1,2.7
1707906003,2022,3.8,7.4,20.6,1.5,66.7,2.1,24.7,21818.0,20650.0,46777.0,17299.0,39035.0,14436.0,42.3,1990.0,21.4,17.7,92.1,17.6,2.7
1707906003,2023,4.5,8.3,20.8,1.9,64.5,2.0,23.5,23053.0,21350.0,49504.0,18375.0,41323.0,15338.0,42.8,1988.0,21.4,18.8,92.0,16.9,2.7
1707906004,2015,2.9,13.8,15.3,2.2,65.8,2.4,27.7,19347.0,17850.0,43312.0,15317.0,35973.0,12722.0,40.1,1584.0,17.8,11.4,92.5,20.0,2.8
1707906004,2016,3.2,9.3,16.5,1.8,69.3,2.3,27.8,19731.0,18550.0,43954.0,15478.0,36411.0,12821.0,40.2,1610.0,16.6,11.9,92.9,20.2,2.8
1707906004,2017,3.4,11.2,16.6,1.5,67.2,2.3,27.8,19919.0,19250.0,46065.0,15845.0,37366.0,12852.0,40.1,1626.0,18.1,11.6,92.0,20.4,2.9
1707906004,2018,4.0,10.7,17.2,1.6,66.5,2.4,28.6,20581.0,19250.0,45987.0,16246.0,37884.0,13383.0,40.5,1608.0,18.8,13.3,92.5,20.6,2.8
1707906004,2019,4.0,11.2,18.6,1.5,64.7,2.4,27.8,21415.0,19950.0,48496.0,17003.0,39630.0,13895.0,41.0,1621.0,20.4,14.4,92.0,20.1,2.8
1707906004,2020,4.2,9.4,20.0,4.0,62.4,2.5,28.1,21064.0,19950.0,46713.0,16783.0,38138.0,13702.0,41.6,1605.0,20.9,16.2,91.6,19.0,2.8
1707906004,2021,3.7,11.1,17.1,1.9,66.2,2.4,28.0,23666.0,22050.0,53336.0,19752.0,42251.0,15647.0,41.7,1733.0,22.6,16.3,91.1,18.1,2.7
1707906004,2022,3.8,10.7,17.6,1.2,66.8,2.4,27.6,24741.0,22750.0,56566.0,20653.0,44913.0,16398.0,41.7,1787.0,21.8,16.3,91.6,17.5,2.7
1707906004,2023,4.2,10.6,18.0,1.6,65.7,2.4,27.4,25645.0,23450.0,59005.0,21451.0,46887.0,17045.0,42.0,1822.0,21.4,17.8,90.0,17.1,2.7
1707906005,2015,5.2,5.2,30.4,2.7,56.5,2.5,28.0,14295.0,13650.0,24810.0,11753.0,21815.0,10335.0,43.3,919.0,46.9,23.9,81.4,14.3,2.1
1707906005,2016,5.2,5.2,31.4,2.1,56.1,2.3,27.6,14451.0,13650.0,24928.0,11801.0,21854.0,10345.0,44.3,919.0,46.9,24.9,79.8,14.9,2.1
1707906005,2017,5.6,5.0,30.8,1.9,56.8,2.4,27.3,14583.0,14350.0,24708.0,12042.0,21679.0,10566.0,45.4,910.0,47.4,26.2,76.9,13.7,2.0
1707906005,2018,5.7,6.5,29.4,1.8,56.7,2.4,26.6,15558.0,14350.0,27722.0,12835.0,24062.0,11140.0,44.4,965.0,46.3,24.2,70.2,13.8,2.2
1707906005,2019,5.6,5.4,29.3,2.0,57.7,2.3,26.5,16305.0,15050.0,28801.0,13466.0,25096.0,11734.0,45.3,975.0,46.5,25.9,65.4,13.2,2.1
1707906005,2020,6.1,5.4,29.3,5.2,54.1,2.3,26.5,16326.0,15050.0,29092.0,13650.0,25203.0,11826.0,45.9,953.0,47.3,26.7,71.1,12.7,2.1
1707906005,2021,6.2,5.6,29.4,3.7,55.1,2.4,26.4,17225.0,16450.0,30062.0,14352.0,26048.0,12436.0,46.4,936.0,46.2,27.5,75.3,13.5,2.1
1707906005,2022,5.9,5.6,29.8,2.8,55.8,2.2,24.4,17703.0,17150.0,31131.0,14697.0,26893.0,12696.0,46.3,952.0,48.0,27.9,80.4,13.9,2.1
1707906005,2023,6.3,5.4,29.2,2.1,57.0,2.2,23.3,18848.0,17850.0,33366.0,15665.0,28870.0,13554.0,47.0,935.0,48.0,28.3,81.5,14.1,2.1
